Rk,Player,Tm,Age,Pos,Games G,Games GS,Receiving Tgt,Receiving Rec,Receiving Yds,Receiving Y/R,Receiving TD,Receiving Lng,Receiving R/G,Receiving Y/G,Receiving Ctch%,Rushing Att,Rushing Yds,Rushing TD,Rushing Lng,Rushing Y/A,Rushing Y/G,Rushing A/G,Total Yds Touch,Total Yds Y/Tch,Total Yds YScm,RRTD,Fmb
1,Saquon Barkley*,NYG,21,RB,16,16,121,91,721,7.9,4,57,5.7,45.1,75.20%,261,1307,11,78,5,81.7,16.3,352,5.8,2028,15,0
2,Ezekiel Elliott*,DAL,23,RB,15,15,95,77,567,7.4,3,38,5.1,37.8,81.10%,304,1434,6,41,4.7,95.6,20.3,381,5.3,2001,9,6
3,Christian McCaffrey,CAR,22,RB,16,16,124,107,867,8.1,6,38,6.7,54.2,86.30%,219,1098,7,59,5,68.6,13.7,326,6,1965,13,4
4,Todd Gurley*,LAR,24,RB,14,14,81,59,580,9.8,4,56,4.2,41.4,72.80%,256,1251,17,36,4.9,89.4,18.3,315,5.8,1831,21,1
5,Julio Jones*,ATL,29,WR,16,16,170,113,1677,14.8,8,58,7.1,104.8,66.50%,2,12,0,11,6,0.8,0.1,115,14.7,1689,8,2
6,Tyreek Hill*,KAN,24,WR,16,16,137,87,1479,17,12,75,5.4,92.4,63.50%,22,151,1,33,6.9,9.4,1.4,109,15,1630,13,0
7,Alvin Kamara,NOR,23,RB,15,13,105,81,709,8.8,4,42,5.4,47.3,77.10%,194,883,14,49,4.6,58.9,12.9,275,5.8,1592,18,1
8,DeAndre Hopkins*,HOU,26,WR,16,16,163,115,1572,13.7,11,49,7.2,98.3,70.60%,1,-7,0,-7,-7,-0.4,0.1,116,13.5,1565,11,2
9,Mike Evans,TAM,25,WR,16,16,138,86,1524,17.7,8,72,5.4,95.3,62.30%,,,,,,,,86,17.7,1524,8,2
10,James Conner*,PIT,23,RB,13,12,71,55,497,9,1,29,4.2,38.2,77.50%,215,973,12,30,4.5,74.8,16.5,270,5.4,1470,13,4
11,Joe Mixon,CIN,22,RB,14,13,55,43,296,6.9,1,21,3.1,21.1,78.20%,237,1168,8,51,4.9,83.4,16.9,280,5.2,1464,9,0
12,JuJu Smith-Schuster,PIT,22,WR,16,13,166,111,1426,12.8,7,97,6.9,89.1,66.90%,1,13,0,13,13,0.8,0.1,112,12.8,1439,7,1
13,Michael Thomas*,NOR,25,WR,16,16,147,125,1405,11.2,9,72,7.8,87.8,85.00%,,,,,,,,125,11.2,1405,9,2
14,Adam Thielen*,MIN,28,WR,16,16,153,113,1373,12.2,9,68,7.1,85.8,73.90%,5,30,0,15,6,1.9,0.3,118,11.9,1403,9,1
15,George Kittle*,SFO,25,TE,16,16,136,88,1377,15.6,5,85,5.5,86.1,64.70%,1,10,0,10,10,0.6,0.1,89,15.6,1387,5,0
16,Davante Adams*,GNB,26,WR,15,15,169,111,1386,12.5,13,57,7.4,92.4,65.70%,,,,,,,,111,12.5,1386,13,0
17,David Johnson,ARI,27,RB,16,16,76,50,446,8.9,3,40,3.1,27.9,65.80%,258,940,7,53,3.6,58.8,16.1,308,4.5,1386,10,3
18,Robert Woods,LAR,26,WR,16,16,130,86,1219,14.2,6,39,5.4,76.2,66.20%,19,157,1,56,8.3,9.8,1.2,105,13.1,1376,7,0
19,Melvin Gordon*,LAC,25,RB,12,12,66,50,490,9.8,4,66,4.2,40.8,75.80%,175,885,10,34,5.1,73.8,14.6,225,6.1,1375,14,1
20,Travis Kelce*,KAN,29,TE,16,16,150,103,1336,13,10,43,6.4,83.5,68.70%,,,,,,,,103,13,1336,10,2
21,Chris Carson,SEA,24,RB,14,14,24,20,163,8.2,0,27,1.4,11.6,83.30%,247,1151,9,61,4.7,82.2,17.6,267,4.9,1314,9,3
22,Antonio Brown*,PIT,30,WR,15,15,168,104,1297,12.5,15,78,6.9,86.5,61.90%,,,,,,,,104,12.5,1297,15,0
23,Phillip Lindsay*,DEN,24,RB,15,8,47,35,241,6.9,1,29,2.3,16.1,74.50%,192,1037,9,65,5.4,69.1,12.8,227,5.6,1278,10,0
24,Brandin Cooks,LAR,25,WR,16,16,117,80,1204,15.1,5,57,5,75.3,68.40%,10,68,1,17,6.8,4.3,0.6,90,14.1,1272,6,1
25,Keenan Allen*,LAC,26,WR,16,14,136,97,1196,12.3,6,54,6.1,74.8,71.30%,9,75,0,28,8.3,4.7,0.6,106,12,1271,6,3
26,T.Y. Hilton,IND,29,WR,14,14,120,76,1270,16.7,6,68,5.4,90.7,63.30%,,,,,,,,76,16.7,1270,6,0
27,Adrian Peterson,WAS,33,RB,16,16,26,20,208,10.4,1,52,1.3,13,76.90%,251,1042,7,90,4.2,65.1,15.7,271,4.6,1250,8,3
28,Kareem Hunt,KAN,23,RB,11,11,35,26,378,14.5,7,67,2.4,34.4,74.30%,181,824,7,45,4.6,74.9,16.5,207,5.8,1202,14,0
29,James White,NWE,26,rb,16,3,123,87,751,8.6,7,42,5.4,46.9,70.70%,94,425,5,27,4.5,26.6,5.9,181,6.5,1176,12,0
30,Tarik Cohen*,CHI,23,rb/wr,16,7,91,71,725,10.2,5,70,4.4,45.3,78.00%,99,444,3,32,4.5,27.8,6.2,170,6.9,1169,8,7
31,Zach Ertz*,PHI,28,TE,16,16,156,116,1163,10,8,34,7.3,72.7,74.40%,,,,,,,,116,10,1163,8,1
32,Derrick Henry,TEN,24,RB,16,12,18,15,99,6.6,0,21,0.9,6.2,83.30%,215,1059,12,99,4.9,66.2,13.4,230,5,1158,12,1
33,Nick Chubb,CLE,23,RB,16,9,29,20,149,7.5,2,24,1.3,9.3,69.00%,192,996,8,92,5.2,62.3,12,212,5.4,1145,10,0
34,Lamar Miller,HOU,27,RB,14,14,35,25,163,6.5,1,16,1.8,11.6,71.40%,210,973,5,97,4.6,69.5,15,235,4.8,1136,6,1
35,Stefon Diggs,MIN,25,WR,15,14,149,102,1021,10,9,75,6.8,68.1,68.50%,10,62,0,20,6.2,4.1,0.7,112,9.7,1083,9,0
36,Jordan Howard,CHI,24,RB,16,15,26,20,145,7.3,0,18,1.3,9.1,76.90%,250,935,9,42,3.7,58.4,15.6,270,4,1080,9,2
37,Tevin Coleman,ATL,25,RB,16,14,44,32,276,8.6,5,39,2,17.3,72.70%,167,800,4,65,4.8,50,10.4,199,5.4,1076,9,2
38,Matt Breida,SFO,23,RB,14,13,31,27,261,9.7,2,26,1.9,18.6,87.10%,153,814,3,66,5.3,58.1,10.9,180,6,1075,5,1
39,Odell Beckham,NYG,26,WR,12,12,124,77,1052,13.7,6,51,6.4,87.7,62.10%,5,19,0,11,3.8,1.6,0.4,82,13.1,1071,6,2
40,Kenny Golladay,DET,25,WR,15,13,119,70,1063,15.2,5,60,4.7,70.9,58.80%,1,8,0,8,8,0.5,0.1,71,15.1,1071,5,1
41,Jarvis Landry,CLE,26,WR,16,14,149,81,976,12,4,51,5.1,61,54.40%,3,60,1,51,20,3.8,0.2,84,12.3,1036,5,1
42,Tyler Lockett,SEA,26,WR,16,14,70,57,965,16.9,10,52,3.6,60.3,81.40%,13,69,0,18,5.3,4.3,0.8,70,14.8,1034,10,2
43,Tyler Boyd,CIN,24,WR,14,14,108,76,1028,13.5,7,49,5.4,73.4,70.40%,2,3,0,5,1.5,0.2,0.1,78,13.2,1031,7,0
44,Amari Cooper,2TM,24,WR,15,15,107,75,1005,13.4,7,90,5,67,70.10%,2,20,0,11,10,1.3,0.1,77,13.3,1025,7,2
45,Kenyan Drake,MIA,24,rb,16,7,73,53,477,9,5,52,3.3,29.8,72.60%,120,535,4,54,4.5,33.4,7.5,173,5.8,1012,9,2
46,Marlon Mack,IND,22,RB,12,10,26,17,103,6.1,1,29,1.4,8.6,65.40%,195,908,9,49,4.7,75.7,16.3,212,4.8,1011,10,2
47,Sony Michel,NWE,23,RB,13,8,11,7,50,7.1,0,13,0.5,3.8,63.60%,209,931,6,34,4.5,71.6,16.1,216,4.5,981,6,1
48,Peyton Barber,TAM,24,RB,16,16,29,20,92,4.6,1,10,1.3,5.8,69.00%,234,871,5,28,3.7,54.4,14.6,254,3.8,963,6,1
49,D.J. Moore,CAR,21,WR,16,10,82,55,788,14.3,2,82,3.4,49.3,67.10%,13,172,0,32,13.2,10.8,0.8,68,14.1,960,2,4
50,Austin Ekeler,LAC,23,rb,14,3,53,39,404,10.4,3,44,2.8,28.9,73.60%,106,554,3,41,5.2,39.6,7.6,145,6.6,958,6,1
51,Julian Edelman,NWE,32,WR,12,12,108,74,850,11.5,6,36,6.2,70.8,68.50%,9,107,0,20,11.9,8.9,0.8,83,11.5,957,6,1
52,Corey Davis,TEN,23,WR,16,16,112,65,891,13.7,4,51,4.1,55.7,58.00%,6,55,0,39,9.2,3.4,0.4,71,13.3,946,4,1
53,Aaron Jones,GNB,24,RB,12,8,35,26,206,7.9,1,24,2.2,17.2,74.30%,133,728,8,67,5.5,60.7,11.1,159,5.9,934,9,1
54,Emmanuel Sanders,DEN,31,WR,12,12,98,71,868,12.2,4,64,5.9,72.3,72.40%,4,53,1,35,13.3,4.4,0.3,75,12.3,921,5,1
55,Dalvin Cook,MIN,23,RB,11,10,49,40,305,7.6,2,27,3.6,27.7,81.60%,133,615,2,70,4.6,55.9,12.1,173,5.3,920,4,2
56,Dion Lewis,TEN,28,rb,16,7,67,59,400,6.8,1,37,3.7,25,88.10%,155,517,1,36,3.3,32.3,9.7,214,4.3,917,2,1
57,Sterling Shepard,NYG,25,WR,16,16,107,66,872,13.2,4,58,4.1,54.5,61.70%,3,33,0,27,11,2.1,0.2,69,13.1,905,4,1
58,T.J. Yeldon,JAX,25,rb,14,5,78,55,487,8.9,4,37,3.9,34.8,70.50%,104,414,1,20,4,29.6,7.4,159,5.7,901,5,1
59,Jared Cook,OAK,31,TE,16,14,101,68,896,13.2,6,45,4.3,56,67.30%,,,,,,,,68,13.2,896,6,0
60,Mohamed Sanu,ATL,29,WR,16,16,94,66,838,12.7,4,44,4.1,52.4,70.20%,7,44,0,24,6.3,2.8,0.4,73,12.1,882,4,2
61,Jalen Richard,OAK,25,rb,16,1,81,68,607,8.9,0,32,4.3,37.9,84.00%,55,259,1,30,4.7,16.2,3.4,123,7,866,1,3
62,Kerryon Johnson,DET,21,rb/wr,10,7,39,32,213,6.7,1,24,3.2,21.3,82.10%,118,641,3,71,5.4,64.1,11.8,150,5.7,854,4,1
63,Calvin Ridley,ATL,24,wr,16,5,92,64,821,12.8,10,75,4,51.3,69.60%,6,27,0,9,4.5,1.7,0.4,70,12.1,848,10,2
64,Frank Gore,MIA,35,RB,14,14,16,12,124,10.3,1,24,0.9,8.9,75.00%,156,722,0,39,4.6,51.6,11.1,168,5,846,1,1
65,Alshon Jeffery,PHI,28,WR,13,13,92,65,843,13,6,52,5,64.8,70.70%,,,,,,,,65,13,843,6,1
66,Chris Godwin,TAM,22,wr,16,5,95,59,842,14.3,7,48,3.7,52.6,62.10%,,,,,,,,59,14.3,842,7,4
67,Doug Martin,OAK,29,RB,16,9,24,18,116,6.4,0,23,1.1,7.3,75.00%,172,723,4,29,4.2,45.2,10.8,190,4.4,839,4,3
68,Isaiah Crowell,NYJ,25,rb,13,6,28,21,152,7.2,0,21,1.6,11.7,75.00%,143,685,6,77,4.8,52.7,11,164,5.1,837,6,0
69,Golden Tate,2TM,30,,15,7,113,74,795,10.7,4,67,4.9,53,65.50%,4,34,0,30,8.5,2.3,0.3,78,10.6,829,4,3
70,Adam Humphries,TAM,25,WR,16,10,105,76,816,10.7,5,51,4.8,51,72.40%,2,11,0,7,5.5,0.7,0.1,78,10.6,827,5,2
71,Mark Ingram,NOR,29,rb,12,6,27,21,170,8.1,1,28,1.8,14.2,77.80%,138,645,6,38,4.7,53.8,11.5,159,5.1,815,7,3
72,Dede Westbrook,JAX,25,WR,16,9,101,66,717,10.9,5,61,4.1,44.8,65.30%,9,98,0,43,10.9,6.1,0.6,75,10.9,815,5,3
73,DeSean Jackson,TAM,32,WR,12,10,74,41,774,18.9,4,75,3.4,64.5,55.40%,6,29,1,14,4.8,2.4,0.5,47,17.1,803,5,0
74,Nelson Agholor,PHI,25,WR,16,16,97,64,736,11.5,4,83,4,46,66.00%,3,32,0,16,10.7,2,0.2,67,11.5,768,4,1
75,Allen Robinson,CHI,25,WR,13,12,94,55,754,13.7,4,43,4.2,58,58.50%,1,9,0,9,9,0.7,0.1,56,13.6,763,4,1
76,LeSean McCoy,BUF,30,qb/RB,14,13,46,34,238,7,0,24,2.4,17,73.90%,161,514,3,28,3.2,36.7,11.5,195,3.9,752,3,0
77,Taylor Gabriel,CHI,27,WR,16,11,93,67,688,10.3,2,54,4.2,43,72.00%,9,61,0,20,6.8,3.8,0.6,76,9.9,749,2,1
78,Robby Anderson,NYJ,25,WR,14,9,94,50,752,15,6,76,3.6,53.7,53.20%,2,-8,0,1,-4,-0.6,0.1,52,14.3,744,6,2
79,Eric Ebron*,IND,25,te/wr,16,8,110,66,750,11.4,13,53,4.1,46.9,60.00%,3,-8,1,2,-2.7,-0.5,0.2,69,10.8,742,14,1
80,Nyheim Hines,IND,22,rb,16,4,81,63,425,6.7,2,28,3.9,26.6,77.80%,85,314,2,18,3.7,19.6,5.3,148,5,739,4,1
81,Gus Edwards,BAL,23,rb,11,6,2,2,20,10,0,13,0.2,1.8,100.00%,137,718,2,43,5.2,65.3,12.5,139,5.3,738,2,0
82,Josh Gordon,2TM,27,,12,12,71,41,737,18,4,55,3.4,61.4,57.70%,,,,,,,,41,18,737,4,0
83,Jordy Nelson,OAK,33,WR,15,14,88,63,739,11.7,3,66,4.2,49.3,71.60%,1,-2,0,-2,-2,-0.1,0.1,64,11.5,737,3,1
84,Larry Fitzgerald,ARI,35,WR,16,16,112,69,734,10.6,6,37,4.3,45.9,61.60%,,,,,,,,69,10.6,734,6,0
85,Mike Davis,SEA,25,rb,15,2,42,34,214,6.3,1,18,2.3,14.3,81.00%,112,514,4,37,4.6,34.3,7.5,146,5,728,5,0
86,John Brown,BAL,28,WR,16,15,97,42,715,17,5,71,2.6,44.7,43.30%,3,4,0,3,1.3,0.3,0.2,45,16,719,5,0
87,Latavius Murray,MIN,28,rb,16,6,26,22,141,6.4,0,16,1.4,8.8,84.60%,140,578,6,38,4.1,36.1,8.8,162,4.4,719,6,0
88,Courtland Sutton,DEN,23,WR,16,9,84,42,704,16.8,4,42,2.6,44,50.00%,1,-1,0,-1,-1,-0.1,0.1,43,16.3,703,4,0
89,Lamar Jackson,BAL,21,qb,16,7,2,0,0,,0,0,0,0,0.00%,147,695,5,39,4.7,43.4,9.2,147,4.7,695,5,12
90,A.J. Green,CIN,30,WR,9,9,77,46,694,15.1,6,38,5.1,77.1,59.70%,,,,,,,,46,15.1,694,6,2
91,Mike Williams,LAC,24,wr,16,5,66,43,664,15.4,10,55,2.7,41.5,65.20%,7,28,1,19,4,1.8,0.4,50,13.8,692,11,0
92,Rob Gronkowski,NWE,29,TE,13,11,72,47,682,14.5,3,42,3.6,52.5,65.30%,,,,,,,,47,14.5,682,3,1
93,Demaryius Thomas,2TM,31,,15,15,89,59,677,11.5,5,45,3.9,45.1,66.30%,,,,,,,,59,11.5,677,5,0
94,Jamaal Williams,GNB,23,RB,16,8,41,27,210,7.8,0,26,1.7,13.1,65.90%,121,464,3,20,3.8,29,7.6,148,4.6,674,3,0
95,Cole Beasley,DAL,29,wr,16,4,87,65,672,10.3,3,32,4.1,42,74.70%,,,,,,,,65,10.3,672,3,0
96,Donte Moncrief,JAX,25,WR,16,14,89,48,668,13.9,3,80,3,41.8,53.90%,,,,,,,,48,13.9,668,3,1
97,Tyrell Williams,LAC,26,lcb/wr,16,10,65,41,653,15.9,5,75,2.6,40.8,63.10%,2,15,0,14,7.5,0.9,0.1,43,15.5,668,5,2
98,Willie Snead,BAL,26,WR,16,10,95,62,651,10.5,1,28,3.9,40.7,65.30%,1,13,0,13,13,0.8,0.1,63,10.5,664,1,0
99,Austin Hooper,ATL,24,te,16,7,88,71,660,9.3,4,36,4.4,41.3,80.70%,,,,,,,,71,9.3,660,4,0
100,Alfred Blue,HOU,27,rb,16,2,27,20,154,7.7,0,28,1.3,9.6,74.10%,150,499,2,17,3.3,31.2,9.4,170,3.8,653,2,0
101,Zay Jones,BUF,23,WR,16,15,102,56,652,11.6,7,57,3.5,40.8,54.90%,1,0,0,0,0,0,0.1,57,11.4,652,7,1
102,David Njoku,CLE,22,TE,16,14,88,56,639,11.4,4,66,3.5,39.9,63.60%,,,,,,,,56,11.4,639,4,0
103,Jimmy Graham,GNB,32,TE,16,12,89,55,636,11.6,2,54,3.4,39.8,61.80%,,,,,,,,55,11.6,636,2,0
104,Kyle Rudolph,MIN,29,TE,16,16,82,64,634,9.9,4,44,4,39.6,78.00%,,,,,,,,64,9.9,634,4,0
105,Josh Allen,BUF,22,QB,12,11,1,0,0,,0,0,0,0,0.00%,89,631,8,45,7.1,52.6,7.4,89,7.1,631,8,8
106,Duke Johnson,CLE,25,rb,16,2,62,47,429,9.1,3,32,2.9,26.8,75.80%,40,201,0,23,5,12.6,2.5,87,7.2,630,3,1
107,Christian Kirk,ARI,22,wr,12,7,68,43,590,13.7,3,75,3.6,49.2,63.20%,3,35,0,23,11.7,2.9,0.3,46,13.6,625,3,0
108,Leonard Fournette,JAX,23,RB,8,8,26,22,185,8.4,1,31,2.8,23.1,84.60%,133,439,5,25,3.3,54.9,16.6,155,4,624,6,0
109,Doug Baldwin,SEA,30,WR,13,13,73,50,618,12.4,5,42,3.8,47.5,68.50%,,,,,,,,50,12.4,618,5,0
110,Evan Engram,NYG,24,TE,11,8,64,45,577,12.8,3,54,4.1,52.5,70.30%,3,36,0,14,12,3.3,0.3,48,12.8,613,3,0
111,Vance McDonald,PIT,28,TE,15,14,72,50,610,12.2,4,75,3.3,40.7,69.40%,,,,,,,,50,12.2,610,4,2
112,Marquez Valdes-Scantling,GNB,24,WR,16,10,73,38,581,15.3,2,60,2.4,36.3,52.10%,2,29,0,21,14.5,1.8,0.1,40,15.3,610,2,0
113,Michael Crabtree,BAL,31,WR,16,16,100,54,607,11.2,3,27,3.4,37.9,54.00%,,,,,,,,54,11.2,607,3,0
114,Carlos Hyde,2TM,28,,14,7,16,10,33,3.3,0,9,0.7,2.4,62.50%,172,571,5,22,3.3,40.8,12.3,182,3.3,604,5,2
115,Wendell Smallwood,PHI,24,rb,16,6,35,28,230,8.2,2,36,1.8,14.4,80.00%,87,364,3,15,4.2,22.8,5.4,115,5.2,594,5,2
116,Antonio Callaway,CLE,21,WR,16,11,79,43,586,13.6,5,71,2.7,36.6,54.40%,2,7,0,15,3.5,0.4,0.1,45,13.2,593,5,1
117,Royce Freeman,DEN,22,RB,14,8,20,14,72,5.1,0,9,1,5.1,70.00%,130,521,5,24,4,37.2,9.3,144,4.1,593,5,1
118,Cooper Kupp,LAR,25,WR,8,8,55,40,566,14.2,6,70,5,70.8,72.70%,4,25,0,12,6.3,3.1,0.5,44,13.4,591,6,0
119,Chris Ivory,BUF,30,rb,13,1,21,13,205,15.8,0,55,1,15.8,61.90%,115,385,1,21,3.3,29.6,8.8,128,4.6,590,1,1
120,Curtis Samuel,CAR,22,WR,13,8,65,39,494,12.7,5,53,3,38,60.00%,8,84,2,33,10.5,6.5,0.6,47,12.3,578,7,1
121,Danny Amendola,MIA,33,WR,15,15,79,59,575,9.7,1,39,3.9,38.3,74.70%,1,-2,0,-2,-2,-0.1,0.1,60,9.6,573,1,2
122,Rashard Higgins,CLE,24,wr,13,1,53,39,572,14.7,4,40,3,44,73.60%,,,,,,,,39,14.7,572,4,2
123,Trey Burton,CHI,27,TE,16,16,76,54,569,10.5,6,47,3.4,35.6,71.10%,1,2,0,2,2,0.1,0.1,55,10.4,571,6,1
124,Sammy Watkins,KAN,25,WR,10,9,55,40,519,13,3,50,4,51.9,72.70%,5,52,0,31,10.4,5.2,0.5,45,12.7,571,3,1
125,Josh Adams,PHI,22,rb,14,5,13,7,58,8.3,0,13,0.5,4.1,53.80%,120,511,3,29,4.3,36.5,8.6,127,4.5,569,3,1
126,O.J. Howard,TAM,24,TE,10,8,48,34,565,16.6,5,75,3.4,56.5,70.80%,,,,,,,,34,16.6,565,5,0
127,Jordan Reed,WAS,28,te/wr,13,8,84,54,558,10.3,2,34,4.2,42.9,64.30%,,,,,,,,54,10.3,558,2,1
128,Theo Riddick,DET,27,wr,14,3,74,61,384,6.3,0,20,4.4,27.4,82.40%,40,171,0,19,4.3,12.2,2.9,101,5.5,555,0,0
129,Kenny Stills,MIA,26,WR,15,15,64,37,553,14.9,6,75,2.5,36.9,57.80%,,,,,,,,37,14.9,553,6,1
130,Mark Andrews,BAL,22,te,16,3,50,34,552,16.2,3,74,2.1,34.5,68.00%,,,,,,,,34,16.2,552,3,0
131,Deshaun Watson,HOU,23,QB,16,16,0,0,0,,0,0,0,0,0.00%,99,551,5,34,5.6,34.4,6.2,99,5.6,551,5,9
132,Devin Funchess,CAR,24,WR,14,12,79,44,549,12.5,4,27,3.1,39.2,55.70%,,,,,,,,44,12.5,549,4,0
133,Robert Foster,BUF,24,wr,13,3,44,27,541,20,3,75,2.1,41.6,61.40%,,,,,,,,27,20,541,3,0
134,Josh Doctson,WAS,26,WR,15,12,78,44,532,12.1,2,32,2.9,35.5,56.40%,,,,,,,,44,12.1,532,2,0
135,Chris Hogan,NWE,30,wr,16,7,55,35,532,15.2,3,63,2.2,33.3,63.60%,,,,,,,,35,15.2,532,3,0
136,Alex Collins,BAL,24,RB,10,10,21,15,105,7,1,24,1.5,10.5,71.40%,114,411,7,19,3.6,41.1,11.4,129,4,516,8,3
137,Marvin Jones,DET,28,WR,9,9,62,35,508,14.5,5,39,3.9,56.4,56.50%,,,,,,,,35,14.5,508,5,0
138,Michael Gallup,DAL,22,WR,16,8,68,33,507,15.4,2,49,2.1,31.7,48.50%,,,,,,,,33,15.4,507,2,0
139,Will Fuller,HOU,24,wr,7,7,45,32,503,15.7,4,73,4.6,71.9,71.10%,,,,,,,,32,15.7,503,4,0
140,Christopher Herndon,NYJ,22,TE,16,12,56,39,502,12.9,4,32,2.4,31.4,69.60%,,,,,,,,39,12.9,502,4,2
141,Alfred Morris,SFO,30,rb,12,1,13,8,73,9.1,0,16,0.7,6.1,61.50%,111,428,2,51,3.9,35.7,9.3,119,4.2,501,2,2
142,Seth Roberts,OAK,27,wr,15,7,64,45,494,11,2,44,3,32.9,70.30%,3,5,0,11,1.7,0.3,0.2,48,10.4,499,2,0
143,Rashaad Penny,SEA,22,,14,0,12,9,75,8.3,0,24,0.6,5.4,75.00%,85,419,2,38,4.9,29.9,6.1,94,5.3,494,2,0
144,Keelan Cole,JAX,25,WR,16,11,70,38,491,12.9,1,35,2.4,30.7,54.30%,,,,,,,,38,12.9,491,1,2
145,Cam Newton,CAR,29,QB,14,14,0,0,0,,0,0,0,0,0.00%,101,488,4,29,4.8,34.9,7.2,101,4.8,488,4,6
146,Kendrick Bourne,SFO,23,WR,16,8,66,42,487,11.6,4,33,2.6,30.4,63.60%,,,,,,,,42,11.6,487,4,1
147,Jarius Wright,CAR,29,fb/wr,16,6,59,43,447,10.4,1,33,2.7,27.9,72.90%,2,39,0,34,19.5,2.4,0.1,45,10.8,486,1,3
148,LeGarrette Blount,DET,32,RB,16,8,15,10,67,6.7,0,23,0.6,4.2,66.70%,154,418,5,27,2.7,26.1,9.6,164,3,485,5,2
149,Chester Rogers,IND,24,WR,16,10,72,53,485,9.2,2,34,3.3,30.3,73.60%,1,-4,0,-4,-4,-0.3,0.1,54,8.9,481,2,1
150,Cordarrelle Patterson,NWE,27,rb/wr,15,5,28,21,247,11.8,3,55,1.4,16.5,75.00%,42,228,1,27,5.4,15.2,2.8,63,7.5,475,4,1
151,Spencer Ware,KAN,27,rb,13,2,23,20,224,11.2,0,31,1.5,17.2,87.00%,51,246,2,34,4.8,18.9,3.9,71,6.6,470,2,0
152,Elijah McGuire,NYJ,24,rb,8,3,31,19,193,10.2,1,20,2.4,24.1,61.30%,92,276,3,34,3,34.5,11.5,111,4.2,469,4,2
153,Ito Smith,ATL,23,,14,0,32,27,152,5.6,0,20,1.9,10.9,84.40%,90,315,4,18,3.5,22.5,6.4,117,4,467,4,1
154,Taywan Taylor,TEN,23,wr,13,5,56,37,466,12.6,1,55,2.8,35.8,66.10%,,,,,,,,37,12.6,466,1,1
155,Dante Pettis,SFO,23,wr,12,7,45,27,467,17.3,5,75,2.3,38.9,60.00%,1,-2,0,-2,-2,-0.2,0.1,28,16.6,465,5,2
156,Marshawn Lynch,OAK,32,rb,6,6,20,15,84,5.6,0,17,2.5,14,75.00%,90,376,3,52,4.2,62.7,15,105,4.4,460,3,0
157,Devontae Booker,DEN,26,,16,0,51,38,275,7.2,0,30,2.4,17.2,74.50%,34,183,1,26,5.4,11.4,2.1,72,6.4,458,1,1
158,Jaylen Samuels,PIT,22,rb,14,3,29,26,199,7.7,3,23,1.9,14.2,89.70%,56,256,0,25,4.6,18.3,4,82,5.5,455,3,1
159,Bilal Powell,NYJ,30,rb,7,7,18,11,110,10,1,28,1.6,15.7,61.10%,80,343,0,38,4.3,49,11.4,91,5,453,1,2
160,Corey Clement,PHI,24,,11,0,25,22,192,8.7,0,23,2,17.5,88.00%,68,259,2,32,3.8,23.5,6.2,90,5,451,2,4
161,David Moore,SEA,23,wr,16,7,53,26,445,17.1,5,54,1.6,27.8,49.10%,1,5,0,5,5,0.3,0.1,27,16.7,450,5,2
162,Quincy Enunwa,NYJ,26,WR,11,10,68,38,449,11.8,1,42,3.5,40.8,55.90%,1,0,0,0,0,0,0.1,39,11.5,449,1,2
163,Anthony Miller,CHI,24,wr,15,4,54,33,423,12.8,7,55,2.2,28.2,61.10%,6,26,0,9,4.3,1.7,0.4,39,11.5,449,7,1
164,Chris Thompson,WAS,28,,10,0,55,41,268,6.5,1,23,4.1,26.8,74.50%,43,178,0,16,4.1,17.8,4.3,84,5.3,446,1,1
165,C.J. Anderson,2TM,27,,11,3,9,5,41,8.2,1,24,0.5,3.7,55.60%,67,403,2,46,6,36.6,6.1,72,6.2,444,3,0
166,C.J. Uzomah,CIN,25,TE,16,15,64,43,439,10.2,3,29,2.7,27.4,67.20%,,,,,,,,43,10.2,439,3,0
167,Giovani Bernard,CIN,27,rb,12,4,48,35,218,6.2,0,26,2.9,18.2,72.90%,56,211,3,23,3.8,17.6,4.7,91,4.7,429,3,0
168,Tre'Quan Smith,NOR,22,wr,15,7,44,28,427,15.3,5,62,1.9,28.5,63.60%,,,,,,,,28,15.3,427,5,0
169,Jesse James,PIT,24,te,16,7,39,30,423,14.1,2,51,1.9,26.4,76.90%,,,,,,,,30,14.1,423,2,0
170,Ty Montgomery,2TM,25,,13,0,40,25,235,9.4,0,43,1.9,18.1,62.50%,41,188,1,16,4.6,14.5,3.2,66,6.4,423,1,2
171,Mitchell Trubisky,CHI,24,QB,14,14,0,0,0,,0,0,0,0,0.00%,68,421,3,39,6.2,30.1,4.9,68,6.2,421,3,6
172,Jordan Wilkins,IND,24,rb,16,3,17,16,85,5.3,0,17,1,5.3,94.10%,60,336,1,53,5.6,21,3.8,76,5.5,421,1,2
173,Jamison Crowder,WAS,25,wr,9,7,49,29,388,13.4,2,79,3.2,43.1,59.20%,4,30,0,25,7.5,3.3,0.4,33,12.7,418,2,0
174,Damien Williams,KAN,26,rb,16,3,24,23,160,7,2,32,1.4,10,95.80%,50,256,4,25,5.1,16,3.1,73,5.7,416,6,1
175,Josh Reynolds,LAR,23,WR,16,8,53,29,402,13.9,5,33,1.8,25.1,54.70%,2,8,0,10,4,0.5,0.1,31,13.2,410,5,0
176,Jacquizz Rodgers,TAM,28,,16,0,45,38,304,8,0,24,2.4,19,84.40%,33,106,1,20,3.2,6.6,2.1,71,5.8,410,1,1
177,Albert Wilson,MIA,26,wr,7,3,35,26,391,15,4,75,3.7,55.9,74.30%,8,16,0,5,2,2.3,1.1,34,12,407,4,0
178,Marquise Goodwin,SFO,28,WR,11,8,43,23,395,17.2,4,67,2.1,35.9,53.50%,4,9,0,5,2.3,0.8,0.4,27,15,404,4,1
179,Ben Watson,NOR,38,te,16,4,46,35,400,11.4,2,32,2.2,25,76.10%,,,,,,,,35,11.4,400,2,0
180,Kenneth Dixon,BAL,24,,6,0,7,6,51,8.5,0,21,1,8.5,85.70%,60,333,2,37,5.6,55.5,10,66,5.8,384,2,2
181,Randall Cobb,GNB,28,wr,9,6,61,38,383,10.1,2,75,4.2,42.6,62.30%,,,,,,,,38,10.1,383,2,2
182,Kelvin Benjamin,2TM,27,,15,10,67,25,380,15.2,1,40,1.7,25.3,37.30%,,,,,,,,25,15.2,380,1,0
183,Marcus Mariota,TEN,25,QB,14,13,1,1,21,21,0,21,0.1,1.5,100.00%,64,357,2,27,5.6,25.5,4.6,65,5.8,378,2,9
184,Jermaine Kearse,NYJ,28,WR,14,9,76,37,371,10,1,29,2.6,26.5,48.70%,,,,,,,,37,10,371,1,0
185,Vernon Davis,WAS,34,te/wr,14,8,36,25,367,14.7,2,53,1.8,26.2,69.40%,,,,,,,,25,14.7,367,2,0
186,Blake Bortles,JAX,26,QB,13,12,0,0,0,,0,0,0,0,0.00%,58,365,1,41,6.3,28.1,4.5,58,6.3,365,1,8
187,Russell Wilson,SEA,30,QB,16,16,1,1,-11,-11,0,-11,0.1,-0.7,100.00%,67,376,0,40,5.6,23.5,4.2,68,5.4,365,0,10
188,Jeff Wilson,SFO,23,rb,6,2,15,12,98,8.2,0,24,2,16.3,80.00%,66,266,0,18,4,44.3,11,78,4.7,364,0,3
189,Kyle Juszczyk*,SFO,27,FB,16,14,41,30,324,10.8,1,56,1.9,20.3,73.20%,8,30,0,12,3.8,1.9,0.5,38,9.3,354,1,2
190,Ricky Seals-Jones,ARI,23,te,15,5,69,34,343,10.1,1,40,2.3,22.9,49.30%,,,,,,,,34,10.1,343,1,0
191,Breshad Perriman,CLE,25,wr,10,2,25,16,340,21.3,2,66,1.6,34,64.00%,4,2,0,7,0.5,0.2,0.4,20,17.1,342,2,0
192,Justin Jackson,LAC,23,rb,13,1,19,15,135,9,0,19,1.2,10.4,78.90%,50,206,2,20,4.1,15.8,3.8,65,5.2,341,2,0
193,Gerald Everett,LAR,24,,16,0,50,33,320,9.7,3,40,2.1,20,66.00%,2,16,0,12,8,1,0.1,35,9.6,336,3,0
194,Chris Conley,KAN,26,WR,16,13,52,32,334,10.4,5,27,2,20.9,61.50%,,,,,,,,32,10.4,334,5,2
195,Dallas Goedert,PHI,23,TE,16,8,44,33,334,10.1,4,32,2.1,20.9,75.00%,,,,,,,,33,10.1,334,4,0
196,Ryan Grant,IND,28,WR,14,10,52,35,334,9.5,1,23,2.5,23.9,67.30%,,,,,,,,35,9.5,334,1,0
197,Antonio Gates,LAC,38,te,16,1,45,28,333,11.9,2,27,1.8,20.8,62.20%,,,,,,,,28,11.9,333,2,1
198,Equanimeous St. Brown,GNB,22,wr,12,7,36,21,328,15.6,0,54,1.8,27.3,58.30%,1,5,0,5,5,0.4,0.1,22,15.1,333,0,0
199,Ian Thomas,CAR,22,te,16,6,49,36,333,9.3,2,31,2.3,20.8,73.50%,,,,,,,,36,9.3,333,2,0
200,Tim Patrick,DEN,25,wr,16,4,41,23,315,13.7,1,26,1.4,19.7,56.10%,3,17,0,13,5.7,1.1,0.2,26,12.8,332,1,2
201,Tajae Sharpe,TEN,24,WR,16,13,47,26,316,12.2,2,28,1.6,19.8,55.30%,1,16,0,16,16,1,0.1,27,12.3,332,2,0
202,Zach Zenner,DET,27,rb,8,1,10,7,56,8,0,30,0.9,7,70.00%,55,265,3,29,4.8,33.1,6.9,62,5.2,321,3,0
203,Phillip Dorsett,NWE,25,wr,16,2,42,32,290,9.1,3,20,2,18.1,76.20%,4,29,0,17,7.3,1.8,0.3,36,8.9,319,3,0
204,Rex Burkhead,NWE,28,rb/wr,8,4,20,14,131,9.4,1,25,1.8,16.4,70.00%,57,186,0,12,3.3,23.3,7.1,71,4.5,317,1,2
205,Maurice Harris,WAS,26,wr,12,7,47,28,304,10.9,0,42,2.3,25.3,59.60%,2,10,0,6,5,0.8,0.2,30,10.5,314,0,1
206,Chase Edmonds,ARI,22,,16,0,23,20,103,5.2,0,13,1.3,6.4,87.00%,60,208,2,29,3.5,13,3.8,80,3.9,311,2,1
207,DeVante Parker,MIA,25,wr,11,7,47,24,309,12.9,1,46,2.2,28.1,51.10%,,,,,,,,24,12.9,309,1,0
208,Blake Jarwin,DAL,24,te,16,4,36,27,307,11.4,3,39,1.7,19.2,75.00%,,,,,,,,27,11.4,307,3,0
209,Javorius Allen,BAL,27,,14,0,43,35,196,5.6,2,17,2.5,14,81.40%,41,110,3,17,2.7,7.9,2.9,76,4,306,5,1
210,Ryan Griffin,HOU,28,TE,14,11,43,24,305,12.7,0,47,1.7,21.8,55.80%,,,,,,,,24,12.7,305,0,0
211,Dak Prescott,DAL,25,QB,16,16,1,0,0,,0,0,0,0,0.00%,75,305,6,28,4.1,19.1,4.7,75,4.1,305,6,12
212,Dontrelle Inman,IND,29,wr,9,4,39,28,304,10.9,3,29,3.1,33.8,71.80%,,,,,,,,28,10.9,304,3,0
213,Geronimo Allison,GNB,24,wr,5,4,30,20,303,15.2,2,64,4,60.6,66.70%,,,,,,,,20,15.2,303,2,1
214,Laquon Treadwell,MIN,23,wr,15,7,53,35,302,8.6,1,22,2.3,20.1,66.00%,,,,,,,,35,8.6,302,1,0
215,Jordan Matthews,PHI,26,wr,14,3,28,20,300,15,2,56,1.4,21.4,71.40%,,,,,,,,20,15,300,2,0
216,Allen Hurns,DAL,27,wr,16,7,35,20,295,14.8,2,49,1.3,18.4,57.10%,,,,,,,,20,14.8,295,2,1
217,Tyler Higbee,LAR,25,TE,16,16,34,24,292,12.2,2,36,1.5,18.3,70.60%,,,,,,,,24,12.2,292,2,1
218,Greg Olsen,CAR,33,TE,9,9,38,27,291,10.8,4,23,3,32.3,71.10%,,,,,,,,27,10.8,291,4,0
219,Cameron Brate,TAM,27,te,16,2,49,30,289,9.6,6,21,1.9,18.1,61.20%,,,,,,,,30,9.6,289,6,1
220,Martavis Bryant,OAK,27,wr,8,2,27,19,266,14,0,47,2.4,33.3,70.40%,3,23,0,17,7.7,2.9,0.4,22,13.1,289,0,1
221,Demarcus Robinson,KAN,24,wr,16,5,33,22,288,13.1,4,89,1.4,18,66.70%,,,,,,,,22,13.1,288,4,0
222,Keke Coutee,HOU,21,wr,6,2,41,28,287,10.3,1,40,4.7,47.8,68.30%,3,0,0,3,0,0,0.5,31,9.3,287,1,0
223,Pierre Garcon,SFO,32,WR,8,8,46,24,286,11.9,1,25,3,35.8,52.20%,,,,,,,,24,11.9,286,1,0
224,Raheem Mostert,SFO,26,,9,0,7,6,25,4.2,0,23,0.7,2.8,85.70%,34,261,1,52,7.7,29,3.8,40,7.2,286,1,1
225,Jeff Heuerman,DEN,26,TE,11,10,48,31,281,9.1,2,36,2.8,25.5,64.60%,,,,,,,,31,9.1,281,2,0
226,Jameis Winston,TAM,24,QB,11,9,0,0,0,,0,0,0,0,0.00%,49,281,1,18,5.7,25.5,4.5,49,5.7,281,1,7
227,Darren Sproles,PHI,35,rb,6,2,23,15,160,10.7,2,37,2.5,26.7,65.20%,29,120,1,17,4.1,20,4.8,44,6.4,280,3,0
228,Zach Pascal,IND,24,wr,16,4,46,27,268,9.9,2,28,1.7,16.8,58.70%,2,10,0,8,5,0.6,0.1,29,9.6,278,2,0
229,Marcus Murphy,BUF,27,rb,11,1,19,11,26,2.4,0,8,1,2.4,57.90%,52,250,0,30,4.8,22.7,4.7,63,4.4,276,0,1
230,Ryan Switzer,PIT,24,wr,16,1,44,36,253,7,1,24,2.3,15.8,81.80%,6,21,0,8,3.5,1.3,0.4,42,6.5,274,1,2
231,Jakeem Grant,MIA,26,wr,10,2,34,21,268,12.8,2,52,2.1,26.8,61.80%,1,5,0,5,5,0.5,0.1,22,12.4,273,2,0
232,Rhett Ellison,NYG,30,TE,14,12,34,25,272,10.9,1,29,1.8,19.4,73.50%,,,,,,,,25,10.9,272,1,0
233,Patrick Mahomes*,KAN,23,QB,16,16,0,0,0,,0,0,0,0,0.00%,60,272,2,28,4.5,17,3.8,60,4.5,272,2,9
234,Paul Richardson,WAS,26,wr,7,4,35,20,262,13.1,2,46,2.9,37.4,57.10%,2,9,0,7,4.5,1.3,0.3,22,12.3,271,2,0
235,Aaron Rodgers*,GNB,35,QB,16,16,0,0,0,,0,0,0,0,0.00%,43,269,2,23,6.3,16.8,2.7,43,6.3,269,2,6
236,Nick Vannett,SEA,25,TE,15,9,43,29,269,9.3,3,32,1.9,17.9,67.40%,,,,,,,,29,9.3,269,3,1
237,Wayne Gallman,NYG,24,rb,15,2,22,14,89,6.4,0,21,0.9,5.9,63.60%,51,176,1,9,3.5,11.7,3.4,65,4.1,265,1,2
238,Malcolm Brown,LAR,25,,12,0,7,5,52,10.4,1,18,0.4,4.3,71.40%,43,212,0,19,4.9,17.7,3.6,48,5.5,264,1,0
239,Levine Toilolo,DET,27,TE,16,10,24,21,263,12.5,1,39,1.3,16.4,87.50%,,,,,,,,21,12.5,263,1,0
240,Jason Croom,BUF,24,te,15,3,35,22,259,11.8,1,26,1.5,17.3,62.90%,,,,,,,,22,11.8,259,1,2
241,Jonnu Smith,TEN,23,TE,13,12,30,20,258,12.9,3,61,1.5,19.8,66.70%,,,,,,,,20,12.9,258,3,1
242,Trenton Cannon,NYJ,24,,16,0,25,17,144,8.5,0,35,1.1,9,68.00%,38,113,1,21,3,7.1,2.4,55,4.7,257,1,0
243,Terrelle Pryor,2TM,29,,8,1,30,16,252,15.8,2,44,2,31.5,53.30%,1,-1,0,0,-1,-0.1,0.1,17,14.8,251,2,0
244,Matt LaCosse,DEN,26,te,15,5,37,24,250,10.4,1,44,1.6,16.7,64.90%,,,,,,,,24,10.4,250,1,0
245,Kalen Ballage,MIA,23,,12,0,11,9,56,6.2,0,31,0.8,4.7,81.80%,36,191,1,75,5.3,15.9,3,45,5.5,247,1,1
246,Jack Doyle,IND,28,te,6,6,33,26,245,9.4,2,20,4.3,40.8,78.80%,,,,,,,,26,9.4,245,2,1
247,Isaiah McKenzie,2TM,23,,8,1,30,18,179,9.9,0,23,2.3,22.4,60.00%,10,66,2,15,6.6,8.3,1.3,28,8.8,245,2,2
248,DaeSean Hamilton,DEN,23,wr,14,5,45,30,243,8.1,2,24,2.1,17.4,66.70%,,,,,,,,30,8.1,243,2,0
249,Geoff Swaim,DAL,25,TE,9,9,32,26,242,9.3,1,43,2.9,26.9,81.30%,,,,,,,,26,9.3,242,1,0
250,Ted Ginn,NOR,33,wr,5,3,30,17,209,12.3,2,42,3.4,41.8,56.70%,3,26,0,20,8.7,5.2,0.6,20,11.8,235,2,1
251,Aldrick Robinson,MIN,30,,14,0,35,17,231,13.6,5,40,1.2,16.5,48.60%,,,,,,,,17,13.6,231,5,0
252,Travis Benjamin,LAC,29,wr,12,3,24,12,186,15.5,1,46,1,15.5,50.00%,7,41,0,19,5.9,3.4,0.6,19,11.9,227,1,0
253,Bruce Ellington,2TM,27,,7,3,42,31,224,7.2,1,23,4.4,32,73.80%,1,2,0,2,2,0.3,0.1,32,7.1,226,1,1
254,Jordan Akins,HOU,26,te,16,6,25,17,225,13.2,0,28,1.1,14.1,68.00%,,,,,,,,17,13.2,225,0,0
255,Anthony Firkser,TEN,23,,12,0,20,19,225,11.8,1,28,1.6,18.8,95.00%,,,,,,,,19,11.8,225,1,0
256,DeAndre Carter,2TM,25,,14,4,25,22,216,9.8,0,50,1.6,15.4,88.00%,1,7,0,7,7,0.5,0.1,23,9.7,223,0,5
257,John Ross,CIN,24,WR,13,10,58,21,210,10,7,39,1.6,16.2,36.20%,4,9,0,7,2.3,0.7,0.3,25,8.8,219,7,0
258,Kapri Bibbs,2TM,25,,12,0,23,16,115,7.2,1,23,1.3,9.6,69.60%,21,103,3,15,4.9,8.6,1.8,37,5.9,218,4,1
259,James Washington,PIT,22,wr,14,6,38,16,217,13.6,1,47,1.1,15.5,42.10%,,,,,,,,16,13.6,217,1,0
260,Trent Taylor,SFO,24,,14,0,41,26,215,8.3,1,23,1.9,15.4,63.40%,,,,,,,,26,8.3,215,1,1
261,Jordan Thomas,HOU,22,TE,16,10,27,20,215,10.8,4,39,1.3,13.4,74.10%,,,,,,,,20,10.8,215,4,0
262,James O'Shaughnessy,JAX,26,TE,14,9,38,24,214,8.9,0,17,1.7,15.3,63.20%,,,,,,,,24,8.9,214,0,0
263,Nick Boyle,BAL,25,TE,16,13,37,23,213,9.3,0,25,1.4,13.3,62.20%,,,,,,,,23,9.3,213,0,0
264,Chris Moore,BAL,25,,16,0,25,19,196,10.3,1,30,1.2,12.3,76.00%,5,17,0,9,3.4,1.1,0.3,24,8.9,213,1,0
265,Virgil Green,LAC,30,TE,16,16,27,19,210,11.1,1,26,1.2,13.1,70.40%,,,,,,,,19,11.1,210,1,0
266,Trent Sherfield,ARI,22,wr,13,2,28,19,210,11.1,1,21,1.5,16.2,67.90%,,,,,,,,19,11.1,210,1,0
267,Keith Kirkwood,NOR,25,wr,8,1,21,13,209,16.1,2,42,1.6,26.1,61.90%,,,,,,,,13,16.1,209,2,0
268,Jay Ajayi,PHI,25,rb,4,3,6,5,20,4,0,12,1.3,5,83.30%,45,184,3,20,4.1,46,11.3,50,4.1,204,3,1
269,Mike Gesicki,MIA,23,te,16,7,32,22,202,9.2,0,27,1.4,12.6,68.80%,,,,,,,,22,9.2,202,0,1
270,Taysom Hill,NOR,28,te/wr,16,4,7,3,4,1.3,0,5,0.2,0.3,42.90%,37,196,2,35,5.3,12.3,2.3,40,5,200,2,1
271,Bennie Fowler,NYG,27,wr,10,5,27,16,199,12.4,1,26,1.6,19.9,59.30%,,,,,,,,16,12.4,199,1,1
272,Tavon Austin,DAL,28,,7,0,13,8,140,17.5,2,64,1.1,20,61.50%,6,55,0,18,9.2,7.9,0.9,14,13.9,195,2,0
273,T.J. Jones,DET,26,wr,15,3,26,19,190,10,2,26,1.3,12.7,73.10%,,,,,,,,19,10,190,2,0
274,Cody Latimer,NYG,26,wr,6,2,16,11,190,17.3,1,39,1.8,31.7,68.80%,,,,,,,,11,17.3,190,1,0
275,Torrey Smith,CAR,29,wr,11,6,31,17,190,11.2,2,35,1.5,17.3,54.80%,,,,,,,,17,11.2,190,2,0
276,Alex Erickson,CIN,26,wr,16,6,29,20,167,8.4,0,28,1.3,10.4,69.00%,3,22,0,14,7.3,1.4,0.2,23,8.2,189,0,1
277,Russell Shepard,NYG,28,,12,0,19,10,188,18.8,2,49,0.8,15.7,52.60%,,,,,,,,10,18.8,188,2,0
278,Rod Smith,DAL,26,rb,16,1,12,9,60,6.7,0,14,0.6,3.8,75.00%,44,127,1,14,2.9,7.9,2.8,53,3.5,187,1,0
279,Josh Hill,NOR,28,TE,16,11,24,16,185,11.6,1,23,1,11.6,66.70%,,,,,,,,16,11.6,185,1,0
280,Charles Clay,BUF,29,TE/wr,13,12,36,21,184,8.8,0,21,1.6,14.2,58.30%,,,,,,,,21,8.8,184,0,1
281,Chad Williams,ARI,24,wr,10,7,46,17,171,10.1,1,22,1.7,17.1,37.00%,1,9,0,9,9,0.9,0.1,18,10,180,1,0
282,Tyler Eifert,CIN,28,te,4,2,19,15,179,11.9,1,29,3.8,44.8,78.90%,,,,,,,,15,11.9,179,1,0
283,DJ Chark,JAX,22,,11,0,32,14,174,12.4,0,38,1.3,15.8,43.80%,,,,,,,,14,12.4,174,0,1
284,Lance Kendricks,GNB,30,te,16,3,25,19,170,8.9,1,22,1.2,10.6,76.00%,,,,,,,,19,8.9,170,1,0
285,Alex Smith,WAS,34,QB,10,10,0,0,0,,0,0,0,0,0.00%,41,168,1,22,4.1,16.8,4.1,41,4.1,168,1,6
286,Jaron Brown,SEA,28,wr,16,2,19,14,166,11.9,5,45,0.9,10.4,73.70%,,,,,,,,14,11.9,166,5,0
287,Brian Hill,ATL,23,,10,0,2,1,9,9,0,9,0.1,0.9,50.00%,20,157,0,60,7.9,15.7,2,21,7.9,166,0,1
288,Luke Stocker,TEN,30,TE,16,11,21,15,165,11,2,31,0.9,10.3,71.40%,1,0,0,0,0,0,0.1,16,10.3,165,2,0
289,Demetrius Harris,KAN,27,te,15,3,25,12,164,13.7,3,35,0.8,10.9,48.00%,,,,,,,,12,13.7,164,3,0
290,Hayden Hurst,BAL,25,,12,0,23,13,163,12.5,1,32,1.1,13.6,56.50%,1,0,0,0,0,0,0.1,14,11.6,163,1,0
291,Andre Holmes,2TM,30,,15,3,24,13,162,12.5,0,24,0.9,10.8,54.20%,,,,,,,,13,12.5,162,0,0
292,Deonte Thompson,2TM,29,,13,6,30,17,161,9.5,0,15,1.3,12.4,56.70%,,,,,,,,17,9.5,161,0,0
293,Cody Core,CIN,24,wr,14,3,28,13,160,12.3,1,30,0.9,11.4,46.40%,,,,,,,,13,12.3,160,1,0
294,Will Dissly,SEA,22,te,4,4,14,8,156,19.5,2,66,2,39,57.10%,,,,,,,,8,19.5,156,2,0
295,Marcell Ateman,OAK,24,wr,7,6,31,15,154,10.3,1,32,2.1,22,48.40%,,,,,,,,15,10.3,154,1,0
296,Dwayne Washington,NOR,24,,13,0,0,0,0,,0,0,0,0,0.00%,27,154,0,28,5.7,11.8,2.1,27,5.7,154,0,0
297,Ed Dickson,SEA,31,te,10,1,13,12,143,11.9,3,42,1.2,14.3,92.30%,1,9,0,9,9,0.9,0.1,13,11.7,152,3,0
298,Ryan Fitzpatrick,TAM,36,qb,8,7,0,0,0,,0,0,0,0,0.00%,36,152,2,18,4.2,19,4.5,36,4.2,152,2,4
299,Andrew Luck,IND,29,QB,16,16,2,1,4,4,0,4,0.1,0.3,50.00%,46,148,0,33,3.2,9.3,2.9,47,3.2,152,0,6
300,Maxx Williams,BAL,24,te,13,6,17,16,143,8.9,1,25,1.2,11,94.10%,3,8,0,7,2.7,0.6,0.2,19,7.9,151,1,0
301,Dan Arnold,NOR,23,te,10,1,19,12,150,12.5,1,25,1.2,15,63.20%,,,,,,,,12,12.5,150,1,1
302,Marvin Hall,ATL,25,,16,0,19,10,149,14.9,1,47,0.6,9.3,52.60%,2,0,0,3,0,0,0.1,12,12.4,149,1,0
303,Ryan Tannehill,MIA,30,QB,11,11,1,1,3,3,1,3,0.1,0.3,100.00%,32,145,0,20,4.5,13.2,2.9,33,4.5,148,1,5
304,Damion Ratley,CLE,23,wr,13,3,20,13,144,11.1,0,27,1,11.1,65.00%,,,,,,,,13,11.1,144,0,0
305,Deontay Burnett,NYJ,21,wr,5,1,15,10,143,14.3,0,29,2,28.6,66.70%,,,,,,,,10,14.3,143,0,0
306,Sam Darnold,NYJ,21,QB,13,13,0,0,0,,0,0,0,0,0.00%,44,138,1,28,3.1,10.6,3.4,44,3.1,138,1,5
307,Josh Rosen,ARI,21,QB,14,13,0,0,0,,0,0,0,0,0.00%,23,138,0,33,6,9.9,1.6,23,6,138,0,10
308,Brandon Marshall,SEA,34,wr,7,2,23,11,136,12.4,1,27,1.6,19.4,47.80%,,,,,,,,11,12.4,136,1,0
309,Brandon LaFell,OAK,32,wr,6,5,16,12,135,11.3,2,24,2,22.5,75.00%,,,,,,,,12,11.3,135,2,0
310,Mo Alie-Cox,IND,25,te,9,1,13,7,133,19,2,34,0.8,14.8,53.80%,,,,,,,,7,19,133,2,0
311,Justin Hardy,ATL,27,,16,0,22,14,133,9.5,2,19,0.9,8.3,63.60%,,,,,,,,14,9.5,133,2,1
312,Brandon Powell,DET,22,wr,6,1,17,11,129,11.7,0,41,1.8,21.5,64.70%,1,4,0,4,4,0.7,0.2,12,11.1,133,0,0
313,Baker Mayfield,CLE,23,QB,14,13,1,0,0,,0,0,0,0,0.00%,39,131,0,35,3.4,9.4,2.8,39,3.4,131,0,7
314,Jeff Driskel,CIN,25,qb,9,5,0,0,0,,0,0,0,0,0.00%,25,130,2,27,5.2,14.4,2.8,25,5.2,130,2,4
315,Richie James,SFO,23,wr,13,2,14,9,130,14.4,1,53,0.7,10,64.30%,,,,,,,,9,14.4,130,1,2
316,Matt Ryan,ATL,33,QB,16,16,1,1,5,5,1,5,0.1,0.3,100.00%,33,125,3,15,3.8,7.8,2.1,34,3.8,130,4,10
317,Tyrod Taylor,CLE,29,qb,4,3,0,0,0,,0,0,0,0,0.00%,16,125,1,24,7.8,31.3,4,16,7.8,125,1,3
318,DeAndre Washington,OAK,25,,10,0,1,1,9,9,0,9,0.1,0.9,100.00%,30,115,0,13,3.8,11.5,3,31,4,124,0,1
319,Cody Kessler,JAX,25,qb,5,4,0,0,0,,0,0,0,0,0.00%,19,123,0,21,6.5,24.6,3.8,19,6.5,123,0,5
320,Kirk Cousins,MIN,30,QB,16,16,1,1,-1,-1,0,-1,0.1,-0.1,100.00%,44,123,1,19,2.8,7.7,2.8,45,2.7,122,1,9
321,Josh Johnson,WAS,32,qb,4,3,0,0,0,,0,0,0,0,0.00%,23,120,1,16,5.2,30,5.8,23,5.2,120,1,2
322,Josh Bellamy,CHI,29,wr,16,2,25,14,117,8.4,1,20,0.9,7.3,56.00%,,,,,,,,14,8.4,117,1,0
323,Darren Fells,CLE,32,TE,16,11,12,11,117,10.6,3,49,0.7,7.3,91.70%,,,,,,,,11,10.6,117,3,0
324,Andy Janovich,DEN,25,fb,16,7,10,8,112,14,1,32,0.5,7,80.00%,2,5,0,3,2.5,0.3,0.1,10,11.7,117,1,0
325,Dalton Schultz,DAL,22,te,11,7,17,12,116,9.7,0,17,1.1,10.5,70.60%,,,,,,,,12,9.7,116,0,0
326,Jordan Leggett,NYJ,23,te,15,4,24,14,114,8.1,1,16,0.9,7.6,58.30%,,,,,,,,14,8.1,114,1,0
327,Cameron Meredith,NOR,26,wr,6,1,10,9,114,12.7,1,46,1.5,19,90.00%,,,,,,,,9,12.7,114,1,1
328,Leonte Carroo,MIA,24,,9,0,4,2,94,47,1,74,0.2,10.4,50.00%,1,14,0,14,14,1.6,0.1,3,36,108,1,0
329,Jared Goff*,LAR,24,QB,16,16,0,0,0,,0,0,0,0,0.00%,43,108,2,16,2.5,6.8,2.7,43,2.5,108,2,12
330,Corey Grant,JAX,27,rb,5,1,12,9,67,7.4,0,16,1.8,13.4,75.00%,13,40,0,8,3.1,8,2.6,22,4.9,107,0,0
331,Dontrell Hilliard,CLE,23,,11,0,10,9,105,11.7,0,24,0.8,9.5,90.00%,,,,,,,,9,11.7,105,0,0
332,Brandon Bolden,MIA,28,,16,0,3,3,13,4.3,1,9,0.2,0.8,100.00%,8,91,2,54,11.4,5.7,0.5,11,9.5,104,3,1
333,Darius Jennings,TEN,26,,16,0,15,11,101,9.2,0,36,0.7,6.3,73.30%,1,2,0,2,2,0.1,0.1,12,8.6,103,0,0
334,Jake Kumerow,GNB,26,wr,5,2,11,8,103,12.9,1,49,1.6,20.6,72.70%,,,,,,,,8,12.9,103,1,0
335,MyCole Pruitt,TEN,26,te,15,1,11,9,102,11.3,1,27,0.6,6.8,81.80%,,,,,,,,9,11.3,102,1,0
336,John Kelly,LAR,22,,4,0,3,2,27,13.5,0,18,0.5,6.8,66.70%,27,74,0,7,2.7,18.5,6.8,29,3.5,101,0,0
337,Michael Floyd,WAS,29,wr,13,3,24,10,100,10,1,20,0.8,7.7,41.70%,,,,,,,,10,10,100,1,0
338,Keith Ford,BUF,24,rb,2,1,5,3,21,7,0,8,1.5,10.5,60.00%,21,79,0,11,3.8,39.5,10.5,24,4.2,100,0,0
339,Marcus Johnson,IND,24,,5,0,8,6,102,17,1,34,1.2,20.4,75.00%,1,-2,0,-2,-2,-0.4,0.2,7,14.3,100,1,0
340,Michael Roberts,DET,24,te,8,2,20,9,100,11.1,3,29,1.1,12.5,45.00%,,,,,,,,9,11.1,100,3,0
341,Andy Dalton,CIN,31,QB/wr,11,11,0,0,0,,0,0,0,0,0.00%,16,99,0,21,6.2,9,1.5,16,6.2,99,0,1
342,Andre Roberts*,NYJ,30,wr,16,1,17,10,79,7.9,1,20,0.6,4.9,58.80%,2,20,0,18,10,1.3,0.1,12,8.3,99,1,3
343,Stevan Ridley,PIT,29,,10,0,4,3,18,6,0,10,0.3,1.8,75.00%,29,80,1,12,2.8,8,2.9,32,3.1,98,1,2
344,Anthony Sherman*,KAN,30,fb,16,1,9,8,96,12,1,36,0.5,6,88.90%,1,2,0,2,2,0.1,0.1,9,10.9,98,1,0
345,Austin Carr,NOR,25,wr,14,2,14,9,97,10.8,2,25,0.6,6.9,64.30%,,,,,,,,9,10.8,97,2,0
346,Ben Roethlisberger,PIT,36,QB,16,16,1,1,-1,-1,0,-1,0.1,-0.1,100.00%,31,98,3,18,3.2,6.1,1.9,32,3,97,3,7
347,Carson Wentz,PHI,26,QB,11,11,1,1,4,4,0,4,0.1,0.4,100.00%,34,93,0,13,2.7,8.5,3.1,35,2.8,97,0,9
348,Darren Waller,OAK,26,,4,0,6,6,75,12.5,0,44,1.5,18.8,100.00%,1,21,0,21,21,5.3,0.3,7,13.7,96,0,0
349,Niles Paul,JAX,29,te,6,1,13,10,98,9.8,0,22,1.7,16.3,76.90%,1,-3,0,-3,-3,-0.5,0.2,11,8.6,95,0,0
350,Jermaine Gresham,ARI,30,TE,13,11,12,9,94,10.4,0,26,0.7,7.2,75.00%,,,,,,,,9,10.4,94,0,1
351,Taquan Mizzell,CHI,25,wr,9,1,10,8,78,9.8,1,26,0.9,8.7,80.00%,9,16,0,7,1.8,1.8,1,17,5.5,94,1,0
352,C.J. Ham,MIN,25,rb/te,15,2,15,11,85,7.7,0,17,0.7,5.7,73.30%,6,8,0,5,1.3,0.5,0.4,17,5.5,93,0,0
353,Case Keenum,DEN,30,QB,16,16,0,0,0,,0,0,0,0,0.00%,26,93,2,17,3.6,5.8,1.6,26,3.6,93,2,11
354,Kevin White,CHI,26,,9,0,8,4,92,23,0,54,0.4,10.2,50.00%,,,,,,,,4,23,92,0,0
355,Devonta Freeman,ATL,26,rb,2,2,7,5,23,4.6,0,14,2.5,11.5,71.40%,14,68,0,20,4.9,34,7,19,4.8,91,0,0
356,Logan Paulsen,ATL,31,TE,15,10,9,9,91,10.1,1,19,0.6,6.1,100.00%,,,,,,,,9,10.1,91,1,0
357,Vyncint Smith,HOU,22,wr,7,1,10,5,91,18.2,1,35,0.7,13,50.00%,,,,,,,,5,18.2,91,1,0
358,Garrett Celek,SFO,30,te,15,1,8,5,90,18,2,41,0.3,6,62.50%,,,,,,,,5,18,90,2,0
359,Austin Seferian-Jenkins,JAX,26,te,5,5,19,11,90,8.2,1,21,2.2,18,57.90%,,,,,,,,11,8.2,90,1,0
360,Erik Swoope,IND,26,te,7,2,10,8,87,10.9,3,26,1.1,12.4,80.00%,,,,,,,,8,10.9,87,3,0
361,Luke Willson,DET,28,TE,14,8,19,13,87,6.7,0,13,0.9,6.2,68.40%,,,,,,,,13,6.7,87,0,0
362,Xavier Grimble,PIT,26,te,16,2,8,6,86,14.3,0,23,0.4,5.4,75.00%,,,,,,,,6,14.3,86,0,1
363,Nick O'Leary,MIA,26,te,12,7,10,8,86,10.8,1,19,0.7,7.2,80.00%,,,,,,,,8,10.8,86,1,0
364,Scott Simonson,NYG,26,te,16,4,14,9,86,9.6,1,24,0.6,5.4,64.30%,,,,,,,,9,9.6,86,1,0
365,Jake Butt,DEN,23,te,3,3,13,8,85,10.6,0,22,2.7,28.3,61.50%,,,,,,,,8,10.6,85,0,0
366,Cameron Artis-Payne,CAR,28,,9,0,4,3,15,5,0,13,0.3,1.7,75.00%,19,69,1,15,3.6,7.7,2.1,22,3.8,84,1,0
367,Cameron Batson,TEN,23,wr,11,2,11,8,82,10.3,0,26,0.7,7.5,72.70%,1,1,0,1,1,0.1,0.1,9,9.2,83,0,1
368,Andy Jones,DET,24,wr,8,3,24,11,80,7.3,1,15,1.4,10,45.80%,,,,,,,,11,7.3,80,1,0
369,Tyler Conklin,MIN,23,te,16,3,7,5,77,15.4,0,33,0.3,4.8,71.40%,,,,,,,,5,15.4,77,0,0
370,Ronald Jones,TAM,21,,9,0,9,7,33,4.7,0,15,0.8,3.7,77.80%,23,44,1,9,1.9,4.9,2.6,30,2.6,77,1,0
371,Logan Thomas,BUF,27,te,12,3,17,12,77,6.4,0,24,1,6.4,70.60%,,,,,,,,12,6.4,77,0,0
372,Robert Tonyan,GNB,24,te,16,1,6,4,77,19.3,1,54,0.3,4.8,66.70%,,,,,,,,4,19.3,77,1,0
373,Corey Coleman,NYG,24,wr,8,1,8,5,71,14.2,0,30,0.6,8.9,62.50%,1,5,0,5,5,0.6,0.1,6,12.7,76,0,0
374,Elijhaa Penny,NYG,25,rb,14,3,9,8,50,6.3,0,16,0.6,3.6,88.90%,7,25,0,8,3.6,1.8,0.5,15,5,75,0,0
375,Trey Quinn,WAS,23,wr,3,2,10,9,75,8.3,1,15,3,25,90.00%,1,0,0,0,0,0,0.3,10,7.5,75,1,0
376,Eli Rogers,PIT,26,wr,3,3,14,12,79,6.6,0,17,4,26.3,85.70%,1,-4,0,-4,-4,-1.3,0.3,13,5.8,75,0,1
377,Mark Walton,CIN,21,,14,0,8,5,41,8.2,0,24,0.4,2.9,62.50%,14,34,0,10,2.4,2.4,1,19,3.9,75,0,0
378,Kenjon Barner,2TM,28,,9,0,1,1,3,3,0,3,0.1,0.3,100.00%,19,71,0,11,3.7,7.9,2.1,20,3.7,74,0,1
379,Seth Devalve,CLE,25,te,13,4,7,5,74,14.8,1,26,0.4,5.7,71.40%,,,,,,,,5,14.8,74,1,0
380,Lee Smith,OAK,31,te,16,4,11,10,73,7.3,3,30,0.6,4.6,90.90%,,,,,,,,10,7.3,73,3,0
381,Eric Tomlinson,NYJ,26,TE,15,12,14,8,72,9,0,24,0.5,4.8,57.10%,,,,,,,,8,9,72,0,0
382,Patrick DiMarco,BUF,29,fb,16,5,4,3,62,20.7,0,38,0.2,3.9,75.00%,1,9,0,9,9,0.6,0.1,4,17.8,71,0,0
383,Matthew Stafford,DET,30,QB,16,16,0,0,0,,0,0,0,0,0.00%,25,71,0,10,2.8,4.4,1.6,25,2.8,71,0,6
384,Darrel Williams,KAN,23,,6,0,3,3,27,9,1,11,0.5,4.5,100.00%,13,44,0,8,3.4,7.3,2.2,16,4.4,71,1,0
385,Tommylee Lewis,NOR,26,wr,7,3,3,3,60,20,1,28,0.4,8.6,100.00%,2,10,0,6,5,1.4,0.3,5,14,70,1,1
386,C.J. Beathard,SFO,25,qb,6,5,0,0,0,,0,0,0,0,0.00%,19,69,1,13,3.6,11.5,3.2,19,3.6,69,1,5
387,James Develin,NWE,30,fb/rb/te,16,8,17,12,61,5.1,0,11,0.8,3.8,70.60%,6,8,4,2,1.3,0.5,0.4,18,3.8,69,4,0
388,Detrez Newsome,LAC,24,,9,0,2,2,19,9.5,0,11,0.2,2.1,100.00%,11,49,0,16,4.5,5.4,1.2,13,5.2,68,0,0
389,Blake Bell,JAX,27,te,10,4,11,8,67,8.4,0,16,0.8,6.7,72.70%,,,,,,,,8,8.4,67,0,0
390,Derek Carrier,OAK,28,te,16,2,12,7,67,9.6,1,23,0.4,4.2,58.30%,,,,,,,,7,9.6,67,1,0
391,Joshua Perkins,PHI,25,te,9,1,11,5,67,13.4,0,30,0.6,7.4,45.50%,,,,,,,,5,13.4,67,0,0
392,Dane Cruikshank,TEN,23,,12,0,1,1,66,66,1,66,0.1,5.5,100.00%,,,,,,,,1,66,66,1,0
393,JJ Nelson,ARI,26,wr,14,2,19,7,64,9.1,0,17,0.5,4.6,36.80%,4,0,0,8,0,0,0.3,11,5.8,64,0,0
394,Russell Gage,ATL,22,,15,0,10,6,63,10.5,0,22,0.4,4.2,60.00%,,,,,,,,6,10.5,63,0,0
395,Colt McCoy,WAS,32,qb,3,2,0,0,0,,0,0,0,0,0.00%,10,63,0,15,6.3,21,3.3,10,6.3,63,0,1
396,David Grinnage,JAX,24,te,4,2,8,6,61,10.2,0,24,1.5,15.3,75.00%,,,,,,,,6,10.2,61,0,0
397,Derrick Willies,CLE,24,,5,0,5,3,61,20.3,0,39,0.6,12.2,60.00%,,,,,,,,3,20.3,61,0,1
398,Brice Butler,2TM,28,,8,1,10,6,60,10,1,23,0.8,7.5,60.00%,,,,,,,,6,10,60,1,0
399,Rashad Greene,JAX,26,wr,8,1,8,6,60,10,0,12,0.8,7.5,75.00%,,,,,,,,6,10,60,0,2
400,Zach Line,NOR,28,fb,16,6,10,5,14,2.8,2,5,0.3,0.9,50.00%,9,41,0,9,4.6,2.6,0.6,14,3.9,55,2,0
401,Noah Brown,DAL,22,wr,8,2,8,5,54,10.8,0,22,0.6,6.8,62.50%,,,,,,,,5,10.8,54,0,0
402,Kamar Aiken,PHI,29,wr,5,1,7,6,53,8.8,0,18,1.2,10.6,85.70%,,,,,,,,6,8.8,53,0,0
403,Mike Gillislee,NOR,28,,4,0,1,1,9,9,0,9,0.3,2.3,100.00%,16,43,0,5,2.7,10.8,4,17,3.1,52,0,1
404,Dwayne Harris,OAK,31,wr,15,1,6,6,40,6.7,0,13,0.4,2.7,100.00%,2,12,0,13,6,0.8,0.1,8,6.5,52,0,2
405,Jacob Hollister,NWE,25,wr,8,1,5,4,52,13,0,23,0.5,6.5,80.00%,,,,,,,,4,13,52,0,0
406,Chris Manhertz,CAR,26,te,16,4,5,2,52,26,1,50,0.1,3.3,40.00%,,,,,,,,2,26,52,1,0
407,Delanie Walker,TEN,34,te,1,1,7,4,52,13,0,16,4,52,57.10%,,,,,,,,4,13,52,0,0
408,Jesus Wilson,TAM,23,,5,0,5,4,52,13,0,25,0.8,10.4,80.00%,,,,,,,,4,13,52,0,0
409,Roc Thomas,MIN,23,,5,0,4,2,21,10.5,0,15,0.4,4.2,50.00%,8,30,0,23,3.8,6,1.6,10,5.1,51,0,0
410,Nathan Peterman,BUF,24,qb,4,2,0,0,0,,0,0,0,0,0.00%,10,50,1,24,5,12.5,2.5,10,5,50,1,0
411,Durham Smythe,MIA,23,te,15,2,11,6,50,8.3,0,21,0.4,3.3,54.50%,,,,,,,,6,8.3,50,0,0
412,Antony Auclair,TAM,25,TE,16,10,8,7,48,6.9,0,12,0.4,3,87.50%,,,,,,,,7,6.9,48,0,0
413,Mike Boone,MIN,23,,8,0,3,2,1,0.5,0,1,0.3,0.1,66.70%,11,47,0,20,4.3,5.9,1.4,13,3.7,48,0,0
414,A.J. Derby,MIA,27,,4,0,5,3,48,16,1,19,0.8,12,60.00%,,,,,,,,3,16,48,1,0
415,Shelton Gibson,PHI,23,,15,0,3,1,48,48,0,48,0.1,3.2,33.30%,,,,,,,,1,48,48,0,0
416,Eric Saubert,ATL,24,te,16,1,9,5,48,9.6,0,17,0.3,3,55.60%,,,,,,,,5,9.6,48,0,0
417,Adam Shaheen,CHI,24,te,6,4,6,5,48,9.6,1,23,0.8,8,83.30%,,,,,,,,5,9.6,48,1,0
418,Neal Sterling,NYJ,26,te,5,4,8,6,47,7.8,0,12,1.2,9.4,75.00%,,,,,,,,6,7.8,47,0,0
419,Joe Flacco,BAL,33,QB,9,9,0,0,0,,0,0,0,0,0.00%,19,45,0,13,2.4,5,2.1,19,2.4,45,0,3
420,Rico Gathers,DAL,24,te,15,4,7,3,45,15,0,32,0.2,3,42.90%,,,,,,,,3,15,45,0,0
421,River Cracraft,DEN,24,,8,0,2,1,44,44,0,44,0.1,5.5,50.00%,,,,,,,,1,44,44,0,1
422,Ben Braunecker,CHI,24,te,15,2,5,3,42,14,0,20,0.2,2.8,60.00%,,,,,,,,3,14,42,0,0
423,Roosevelt Nix,PIT,26,,16,0,6,4,38,9.5,0,19,0.3,2.4,66.70%,1,4,0,4,4,0.3,0.1,5,8.4,42,0,0
424,Johnny Townsend,OAK,23,P,16,0,0,0,0,,0,0,0,0,0.00%,1,42,0,42,42,2.6,0.1,1,42,42,0,0
425,Tommy Bohanon,JAX,28,fb,16,6,9,6,41,6.8,0,12,0.4,2.6,66.70%,1,0,0,0,0,0,0.1,7,5.9,41,0,0
426,Tom Brady*,NWE,41,QB,16,16,1,1,6,6,0,6,0.1,0.4,100.00%,23,35,2,10,1.5,2.2,1.4,24,1.7,41,2,4
427,Jeremy Sprinkle,WAS,24,te/wr,16,9,9,5,41,8.2,1,15,0.3,2.6,55.60%,,,,,,,,5,8.2,41,1,0
428,Jawill Davis,NYG,23,,7,0,8,4,40,10,0,22,0.6,5.7,50.00%,,,,,,,,4,10,40,0,0
429,Ray-Ray McCloud,BUF,22,fb,10,1,6,5,36,7.2,0,16,0.5,3.6,83.30%,2,4,0,7,2,0.4,0.2,7,5.7,40,0,2
430,Chad Beebe,MIN,24,,3,0,4,4,39,9.8,0,18,1.3,13,100.00%,,,,,,,,4,9.8,39,0,0
431,DeShone Kizer,GNB,22,,3,0,0,0,0,,0,0,0,0,0.00%,5,39,0,12,7.8,13,1.7,5,7.8,39,0,1
432,Marcedes Lewis,GNB,34,te,16,4,4,3,39,13,0,30,0.2,2.4,75.00%,,,,,,,,3,13,39,0,0
433,T.J. Logan,ARI,24,,10,0,7,7,37,5.3,0,17,0.7,3.7,100.00%,2,2,0,5,1,0.2,0.2,9,4.3,39,0,0
434,Byron Marshall,WAS,24,,6,0,6,4,30,7.5,0,17,0.7,5,66.70%,3,9,0,4,3,1.5,0.5,7,5.6,39,0,0
435,Derek Carr,OAK,27,QB,16,16,1,1,-9,-9,0,-9,0.1,-0.6,100.00%,24,47,1,15,2,2.9,1.5,25,1.5,38,1,12
436,Tre Madden,SEA,25,fb,14,3,3,2,35,17.5,0,28,0.1,2.5,66.70%,3,3,0,2,1,0.2,0.2,5,7.6,38,0,0
437,John Phillips,ARI,31,te,8,4,3,3,38,12.7,0,24,0.4,4.8,100.00%,,,,,,,,3,12.7,38,0,0
438,Jordan Franks,CIN,22,,6,0,3,2,37,18.5,0,32,0.3,6.2,66.70%,,,,,,,,2,18.5,37,0,0
439,Samaje Perine,WAS,23,,5,0,4,3,5,1.7,0,8,0.6,1,75.00%,8,32,0,11,4,6.4,1.6,11,3.4,37,0,0
440,Jalen Tolliver,ARI,23,wr,3,1,6,3,37,12.3,0,15,1,12.3,50.00%,,,,,,,,3,12.3,37,0,0
441,Tyler Kroft,CIN,26,te,5,2,6,4,36,9,0,16,0.8,7.2,66.70%,,,,,,,,4,9,36,0,0
442,David Morgan,MIN,25,te,11,6,6,5,36,7.2,0,13,0.5,3.3,83.30%,,,,,,,,5,7.2,36,0,0
443,Charcandrick West,KAN,27,,3,0,3,2,37,18.5,1,25,0.7,12.3,66.70%,2,-1,0,1,-0.5,-0.3,0.7,4,9,36,1,0
444,David Williams,JAX,24,,6,0,0,0,0,,0,0,0,0,0.00%,8,36,0,15,4.5,6,1.3,8,4.5,36,0,0
445,Tyler Ervin,HOU,25,,9,0,3,3,35,11.7,0,19,0.3,3.9,100.00%,,,,,,,,3,11.7,35,0,1
446,Auden Tate,CIN,21,,7,0,12,4,35,8.8,0,15,0.6,5,33.30%,,,,,,,,4,8.8,35,0,0
447,De'Anthony Thomas,KAN,25,,5,0,5,3,29,9.7,1,15,0.6,5.8,60.00%,1,6,0,6,6,1.2,0.2,4,8.8,35,1,1
448,Shaun Wilson,TAM,23,,5,0,5,3,5,1.7,0,5,0.6,1,60.00%,6,29,0,9,4.8,5.8,1.2,9,3.8,34,0,0
449,Jimmy Garoppolo,SFO,27,qb,3,3,0,0,0,,0,0,0,0,0.00%,8,33,0,13,4.1,11,2.7,8,4.1,33,0,4
450,Brian Parker,DEN,26,te,13,1,10,5,33,6.6,0,11,0.4,2.5,50.00%,,,,,,,,5,6.6,33,0,0
451,Josh McCown,NYJ,39,qb,4,3,0,0,0,,0,0,0,0,0.00%,5,32,0,12,6.4,8,1.3,5,6.4,32,0,0
452,Javon Wims,CHI,24,,4,0,5,4,32,8,0,16,1,8,80.00%,,,,,,,,4,8,32,0,0
453,Taylor Heinicke,CAR,25,qb,6,1,0,0,0,,0,0,0,0,0.00%,5,31,0,19,6.2,5.2,0.8,5,6.2,31,0,1
454,Jeremy Hill,NWE,26,,1,0,1,1,6,6,0,6,1,6,100.00%,4,25,0,11,6.3,25,4,5,6.2,31,0,0
455,Ameer Abdullah,2TM,25,,10,0,4,3,28,9.3,0,12,0.3,2.8,75.00%,1,1,0,1,1,0.1,0.1,4,7.3,29,0,1
456,Benny Cunningham,CHI,28,,15,0,2,1,9,9,0,9,0.1,0.6,50.00%,11,20,0,6,1.8,1.3,0.7,12,2.4,29,0,0
457,Dwayne Allen,NWE,28,te/wr,13,8,4,3,27,9,0,21,0.2,2.1,75.00%,,,,,,,,3,9,27,0,0
458,Nick Foles,PHI,29,qb,5,5,1,1,10,10,0,15,0.2,2,100.00%,9,17,0,4,1.9,3.4,1.8,10,2.7,27,0,4
459,D'Onta Foreman,HOU,22,,1,0,2,2,28,14,1,20,2,28,100.00%,7,-1,0,2,-0.1,-1,7,9,3,27,1,1
460,Raven Greene,GNB,23,,8,0,0,0,0,,0,0,0,0,0.00%,1,26,0,26,26,3.3,0.1,1,26,26,0,0
461,Jeremy Langford,ATL,27,,1,0,0,0,0,,0,0,0,0,0.00%,9,25,0,7,2.8,25,9,9,2.8,25,0,0
462,Charone Peake,NYJ,26,,13,0,3,2,25,12.5,0,14,0.2,1.9,66.70%,,,,,,,,2,12.5,25,0,0
463,Sean Culkin,LAC,25,TE,13,10,1,1,24,24,0,24,0.1,1.8,100.00%,,,,,,,,1,24,24,0,0
464,Rishard Matthews,2TM,29,,8,0,9,5,24,4.8,0,7,0.6,3,55.60%,,,,,,,,5,4.8,24,0,0
465,Drew Brees*,NOR,39,QB,15,15,1,1,1,1,0,1,0.1,0.1,100.00%,31,22,4,11,0.7,1.5,2.1,32,0.7,23,4,5
466,Orson Charles,CLE,27,te,13,2,5,3,23,7.7,0,9,0.2,1.8,60.00%,,,,,,,,3,7.7,23,0,0
467,Keith Smith,OAK,26,fb,16,3,6,5,23,4.6,0,8,0.3,1.4,83.30%,1,0,0,0,0,0,0.1,6,3.8,23,0,0
468,Tyrone Swoopes,SEA,24,te,1,1,1,1,23,23,0,23,1,23,100.00%,,,,,,,,1,23,23,0,0
469,Brandon Zylstra,MIN,25,,16,0,2,1,23,23,0,23,0.1,1.4,50.00%,,,,,,,,1,23,23,0,0
470,Travaris Cadet,CAR,29,,1,0,1,1,5,5,0,5,1,5,100.00%,11,17,0,5,1.5,17,11,12,1.8,22,0,0
471,Gehrig Dieter,KAN,25,,4,0,3,1,22,22,0,22,0.3,5.5,33.30%,,,,,,,,1,22,22,0,0
472,Justin Hunter,PIT,27,,5,0,13,3,21,7,0,12,0.6,4.2,23.10%,,,,,,,,3,7,21,0,0
473,Brock Osweiler,MIA,28,qb,7,5,0,0,0,,0,0,0,0,0.00%,8,21,0,7,2.6,3,1.1,8,2.6,21,0,1
474,De'Lance Turner,BAL,23,,4,0,2,2,17,8.5,0,10,0.5,4.3,100.00%,1,4,0,4,4,1,0.3,3,7,21,0,0
475,Alex Armah,CAR,24,fb/wr,16,2,1,1,5,5,0,5,0.1,0.3,100.00%,9,15,2,4,1.7,0.9,0.6,10,2,20,2,0
476,Derrick Coleman,ARI,28,fb,16,4,3,2,17,8.5,0,12,0.1,1.1,66.70%,2,3,0,2,1.5,0.2,0.1,4,5,20,0,0
477,Eli Manning,NYG,37,QB,16,16,0,0,0,,0,0,0,0,0.00%,15,20,1,7,1.3,1.3,0.9,15,1.3,20,1,7
478,Malik Turner,SEA,22,,6,0,3,2,20,10,0,19,0.3,3.3,66.70%,,,,,,,,2,10,20,0,0
479,Kyle Allen,CAR,22,qb,2,1,0,0,0,,0,0,0,0,0.00%,5,19,1,10,3.8,9.5,2.5,5,3.8,19,1,0
480,Justin Davis,LAR,23,,11,0,0,0,0,,0,0,0,0,0.00%,2,19,0,19,9.5,1.7,0.2,2,9.5,19,0,0
481,De'Angelo Henderson,NYJ,26,,3,0,0,0,0,,0,0,0,0,0.00%,2,19,0,13,9.5,6.3,0.7,2,9.5,19,0,1
482,C.J. Prosise,SEA,24,,5,0,3,3,22,7.3,0,8,0.6,4.4,100.00%,1,-3,0,-3,-3,-0.6,0.2,4,4.8,19,0,0
483,Brian Quick,WAS,29,wr,6,3,3,3,18,6,0,6,0.5,3,100.00%,,,,,,,,3,6,18,0,0
484,Terrance Williams,DAL,29,wr,3,2,3,2,18,9,0,12,0.7,6,66.70%,,,,,,,,2,9,18,0,0
485,Jamal Agnew,DET,23,,6,0,0,0,0,,0,0,0,0,0.00%,1,17,0,17,17,2.8,0.2,1,17,17,0,1
486,KhaDarel Hodge,LAR,23,,14,0,3,2,17,8.5,0,14,0.1,1.2,66.70%,,,,,,,,2,8.5,17,0,0
487,Matt Lengel,CIN,28,te,11,2,8,3,17,5.7,1,9,0.3,1.5,37.50%,,,,,,,,3,5.7,17,1,0
488,Jonathan Stewart,NYG,31,,3,0,0,0,0,,0,0,0,0,0.00%,6,17,0,5,2.8,5.7,2,6,2.8,17,0,0
489,Nick Williams,2TM,28,,4,0,5,2,17,8.5,0,11,0.5,4.3,40.00%,,,,,,,,2,8.5,17,0,0
490,David Fluellen,TEN,26,,7,0,0,0,0,,0,0,0,0,0.00%,4,16,0,13,4,2.3,0.6,4,4,16,0,0
491,Darius Jackson,2TM,25,,4,0,1,0,0,,0,0,0,0,0.00%,6,16,0,4,2.7,4,1.5,6,2.7,16,0,0
492,Nick Bellore,DET,29,fb,14,4,4,4,15,3.8,0,8,0.3,1.1,100.00%,1,0,0,0,0,0,0.1,5,3,15,0,0
493,J'Mon Moore,GNB,23,,12,0,3,2,15,7.5,0,10,0.2,1.3,66.70%,,,,,,,,2,7.5,15,0,1
494,Brandon Wilds,JAX,25,,3,0,0,0,0,,0,0,0,0,0.00%,6,15,0,5,2.5,5,2,6,2.5,15,0,0
495,Jamaal Charles,JAX,32,,2,0,3,2,7,3.5,0,5,1,3.5,66.70%,6,7,0,5,1.2,3.5,3,8,1.8,14,0,0
496,Riley Dixon,NYG,25,P,16,0,0,0,0,,0,0,0,0,0.00%,1,14,0,14,14,0.9,0.1,1,14,14,0,0
497,Ross Dwelley,SFO,23,,11,0,2,2,14,7,0,8,0.2,1.3,100.00%,,,,,,,,2,7,14,0,0
498,Matt Flanagan,WAS,23,wr,3,1,1,1,14,14,0,14,0.3,4.7,100.00%,,,,,,,,1,14,14,0,0
499,Tim White,BAL,24,,3,0,1,1,14,14,0,14,0.3,4.7,100.00%,,,,,,,,1,14,14,0,1
500,Matt Cassel,DET,36,,2,0,0,0,0,,0,0,0,0,0.00%,2,13,0,14,6.5,6.5,1,2,6.5,13,0,0
501,Jamize Olawale,DAL,29,fb/rb/wr,16,4,4,2,13,6.5,0,10,0.1,0.8,50.00%,,,,,,,,2,6.5,13,0,0
502,Robert Turbin,IND,29,,2,0,2,1,3,3,0,3,0.5,1.5,50.00%,4,10,0,5,2.5,5,2,5,2.6,13,0,1
503,Derek Watt,LAC,26,fb,16,5,1,1,2,2,0,2,0.1,0.1,100.00%,4,11,0,8,2.8,0.7,0.3,5,2.6,13,0,0
504,Joe Webb,HOU,32,,16,0,3,2,13,6.5,0,7,0.1,0.8,66.70%,,,,,,,,2,6.5,13,0,0
505,Sammie Coates,HOU,25,,12,0,2,1,12,12,0,12,0.1,1,50.00%,,,,,,,,1,12,12,0,0
506,Jourdan Lewis,DAL,23,cb,15,1,1,0,0,,0,0,0,0,0.00%,2,12,0,7,6,0.8,0.1,2,6,12,0,0
507,Josh Malone,CIN,22,,9,0,5,1,12,12,0,12,0.1,1.3,20.00%,,,,,,,,1,12,12,0,0
508,Sam Shields,LAR,31,cb/rcb,16,2,1,1,12,12,0,12,0.1,0.8,100.00%,,,,,,,,1,12,12,0,0
509,Chase Daniel,CHI,32,qb,5,2,1,1,8,8,0,8,0.2,1.6,100.00%,13,3,0,4,0.2,0.6,2.6,14,0.8,11,0,4
510,Taylor Decker,DET,25,LT,16,16,1,1,11,11,1,11,0.1,0.7,100.00%,,,,,,,,1,11,11,1,0
511,Joshua Dobbs,PIT,23,,5,0,0,0,0,,0,0,0,0,0.00%,4,11,0,10,2.8,2.2,0.8,4,2.8,11,0,0
512,Ricky Ortiz,ATL,24,FB,12,9,4,3,11,3.7,0,7,0.3,0.9,75.00%,,,,,,,,3,3.7,11,0,0
513,Hakeem Valles,DET,26,,3,0,3,2,11,5.5,0,6,0.7,3.7,66.70%,,,,,,,,2,5.5,11,0,0
514,Victor Bolden,2TM,23,,6,0,4,1,10,10,0,10,0.2,1.7,25.00%,,,,,,,,1,10,10,0,0
515,Justin Hardee,NOR,24,,16,0,1,1,10,10,0,10,0.1,0.6,100.00%,,,,,,,,1,10,10,0,0
516,Alan Cross,TAM,25,te,14,3,5,2,9,4.5,0,6,0.1,0.6,40.00%,,,,,,,,2,4.5,9,0,0
517,Michael Dickson*,SEA,22,P,16,0,0,0,0,,0,0,0,0,0.00%,1,9,0,9,9,0.6,0.1,1,9,9,0,0
518,George Fant,SEA,26,rt/t/te,16,7,1,1,9,9,0,9,0.1,0.6,100.00%,,,,,,,,1,9,9,0,0
519,Christine Michael,IND,28,,1,0,0,0,0,,0,0,0,0,0.00%,2,9,0,8,4.5,9,2,2,4.5,9,0,0
520,Cam Phillips,BUF,23,,2,0,1,1,9,9,0,9,0.5,4.5,100.00%,,,,,,,,1,9,9,0,0
521,Dion Sims,CHI,27,te,8,4,4,2,9,4.5,0,9,0.3,1.1,50.00%,,,,,,,,2,4.5,9,0,0
522,Kyle Williams,BUF,35,dt/LDT/rdt,16,16,1,1,9,9,0,9,0.1,0.6,100.00%,,,,,,,,1,9,9,0,0
523,Damiere Byrd,CAR,25,,8,0,2,1,8,8,0,8,0.1,1,50.00%,,,,,,,,1,8,8,0,0
524,Keon Hatcher,OAK,24,,3,0,2,1,8,8,0,8,0.3,2.7,50.00%,,,,,,,,1,8,8,0,0
525,Robert Kelley,WAS,26,,2,0,0,0,0,,0,0,0,0,0.00%,4,8,0,6,2,4,2,4,2,8,0,0
526,Darvin Kidsy,WAS,23,,2,0,2,1,8,8,0,8,0.5,4,50.00%,,,,,,,,1,8,8,0,0
527,J.D. McKissic,SEA,25,,5,0,1,0,0,,0,0,0,0,0.00%,3,8,0,6,2.7,1.6,0.6,3,2.7,8,0,0
528,Mark Sanchez,WAS,32,qb,2,1,0,0,0,,0,0,0,0,0.00%,1,8,0,8,8,4,0.5,1,8,8,0,1
529,Sam Bradford,ARI,31,qb,3,3,0,0,0,,0,0,0,0,0.00%,2,7,0,8,3.5,2.3,0.7,2,3.5,7,0,3
530,Dion Dawkins,BUF,24,LT,16,16,1,1,7,7,1,7,0.1,0.4,100.00%,,,,,,,,1,7,7,1,0
531,Marcus Kemp,KAN,23,,16,0,2,1,7,7,0,7,0.1,0.4,50.00%,,,,,,,,1,7,7,0,0
532,Jeremy Kerley,BUF,30,wr,1,1,4,2,7,3.5,0,4,2,7,50.00%,,,,,,,,2,3.5,7,0,0
533,Allen Lazard,GNB,23,,1,0,1,1,7,7,0,7,1,7,100.00%,,,,,,,,1,7,7,0,0
534,Philip Rivers*,LAC,37,QB,16,16,0,0,0,,0,0,0,0,0.00%,18,7,0,7,0.4,0.4,1.1,18,0.4,7,0,2
535,Richard Rodgers,PHI,26,,7,0,1,1,7,7,0,7,0.1,1,100.00%,,,,,,,,1,7,7,0,0
536,Tavon Wilson,DET,28,db/s/ss,15,3,0,0,0,,0,0,0,0,0.00%,1,7,0,7,7,0.5,0.1,1,7,7,0,0
537,Michael Burton,CHI,26,fb,8,1,1,1,6,6,0,6,0.1,0.8,100.00%,,,,,,,,1,6,6,0,0
538,Clayton Fejedelem,CIN,25,db,16,1,0,0,0,,0,0,0,0,0.00%,2,6,0,6,3,0.4,0.1,2,3,6,0,1
539,Teddy Bridgewater,NOR,26,qb,5,1,0,0,0,,0,0,0,0,0.00%,11,5,0,9,0.5,1,2.2,11,0.5,5,0,0
540,Khari Lee,BUF,26,,2,0,1,1,5,5,0,5,0.5,2.5,100.00%,,,,,,,,1,5,5,0,0
541,Johnny Mundt,LAR,24,,10,0,1,1,5,5,0,5,0.1,0.5,100.00%,,,,,,,,1,5,5,0,0
542,Justin Watson,TAM,23,,12,0,3,1,5,5,0,5,0.1,0.4,33.30%,,,,,,,,1,5,5,0,0
543,Jeremy McNichols,IND,23,,1,0,0,0,0,,0,0,0,0,0.00%,2,4,0,7,2,4,2,2,2,4,0,0
544,Rontez Miles,NYJ,30,fs,8,1,0,0,0,,0,0,0,0,0.00%,1,4,0,4,4,0.5,0.1,1,4,4,0,1
545,Jehu Chesson,WAS,25,,12,0,2,1,7,7,0,7,0.1,0.6,50.00%,1,-4,0,-4,-4,-0.3,0.1,2,1.5,3,0,0
546,Jeff Heath,DAL,27,fs/SS,16,16,0,0,0,,0,0,0,0,0.00%,1,3,0,3,3,0.2,0.1,1,3,3,0,0
547,Johnny Hekker,LAR,28,P,16,0,0,0,0,,0,0,0,0,0.00%,1,3,0,3,3,0.2,0.1,1,3,3,0,0
548,Chad Henne,KAN,33,,1,0,0,0,0,,0,0,0,0,0.00%,1,3,0,3,3,3,1,1,3,3,0,0
549,JJ Jones,2TM,26,,4,0,1,1,3,3,0,3,0.3,0.8,100.00%,1,0,0,0,0,0,0.3,2,1.5,3,0,2
550,Darrius Heyward-Bey,PIT,31,wr,14,2,2,1,9,9,0,9,0.1,0.6,50.00%,1,-7,0,-7,-7,-0.5,0.1,2,1,2,0,0
551,Geno Smith,LAC,28,,5,0,0,0,0,,0,0,0,0,0.00%,8,2,0,9,0.3,0.4,1.6,8,0.3,2,0,1
552,Bradley Sowell,CHI,29,fb,16,1,2,1,2,2,1,2,0.1,0.1,50.00%,,,,,,,,1,2,2,1,0
553,Alejandro Villanueva*,PIT,30,LT,16,16,1,1,2,2,1,2,0.1,0.1,100.00%,,,,,,,,1,2,2,1,0
554,Dan Vitale,GNB,25,,5,0,2,1,2,2,0,2,0.2,0.4,50.00%,,,,,,,,1,2,2,0,0
555,Ryan Hewitt,IND,27,te/wr,12,2,2,1,1,1,1,1,0.1,0.1,50.00%,,,,,,,,1,1,1,1,0
556,Akiem Hicks*,CHI,29,DT/ldt,16,16,0,0,0,,0,0,0,0,0.00%,1,1,1,1,1,0.1,0.1,1,1,1,1,0
557,Jonathan Williams,NOR,24,,3,0,1,1,1,1,0,1,0.3,0.3,100.00%,3,0,0,1,0,0,1,4,0.3,1,0,0