Year,Player,Rk,Tm,Age,Pos,G,GS,QBrec,Cmp,Att,Cmp%,Yds,TD,TD%,Int,Int%,Lng,Y/A,AY/A,Y/C,Y/G,Rate,QBR,Sk,Yds2,NY/A,ANY/A,Sk%,4QC,GWD,Pro_Bowl,Rushing Att,Rushing Yds,Rushing TD,Division,Conference,wins,losses,ties,win%
2013,Peyton Manning,1,DEN,37,QB,16,16,13-3-0,450,659,68.3,5477,55,8.3,10,1.5,78,8.3,9.3,12.2,342.3,115.1,80.9,18,120,7.91,8.87,2.7,2.0,2.0,1,,,,AFC West,AFC,13,3,0,81.25
2013,Matt Ryan,2,ATL,28,QB,16,16,4-12-0,439,651,67.4,4515,26,4.0,17,2.6,81,6.9,6.6,10.3,282.2,89.6,65.0,44,298,6.07,5.72,6.3,1.0,1.0,0,17.0,55.0,0.0,NFC South,NFC,4,12,0,25.0
2013,Drew Brees,3,NOR,34,QB,16,16,11-5-0,446,650,68.6,5162,39,6.0,12,1.8,76,7.9,8.3,11.6,322.6,104.7,69.2,37,244,7.16,7.51,5.4,2.0,2.0,1,35.0,52.0,3.0,NFC South,NFC,11,5,0,68.75
2013,Matthew Stafford,4,DET,25,QB,16,16,7-9-0,371,634,58.5,4650,29,4.6,19,3.0,87,7.3,6.9,12.5,290.6,84.2,56.2,23,168,6.82,6.4,3.5,2.0,3.0,0,37.0,69.0,2.0,NFC North,NFC,7,9,0,43.75
2013,Tom Brady,5,NWE,36,QB,16,16,12-4-0,380,628,60.5,4343,25,4.0,11,1.8,81,6.9,6.9,11.4,271.4,87.3,62.1,40,256,6.12,6.13,6.0,5.0,5.0,1,32.0,18.0,0.0,AFC East,AFC,12,4,0,75.0
2013,Joe Flacco,6,BAL,28,QB,16,16,8-8-0,362,614,59.0,3912,19,3.1,22,3.6,74,6.4,5.4,10.8,244.5,73.1,47.8,48,324,5.42,4.5,7.3,2.0,4.0,0,27.0,131.0,1.0,AFC North,AFC,8,8,0,50.0
2013,Ryan Tannehill,7,MIA,25,QB,16,16,8-8-0,355,588,60.4,3913,24,4.1,17,2.9,67,6.7,6.2,11.0,244.6,81.7,49.3,58,399,5.44,5.0,9.0,4.0,3.0,0,40.0,238.0,1.0,AFC East,AFC,8,8,0,50.0
2013,Andy Dalton,8,CIN,26,QB,16,16,11-5-0,363,586,61.9,4293,33,5.6,20,3.4,82,7.3,6.9,11.8,268.3,88.8,55.1,29,182,6.68,6.29,4.7,0.0,3.0,0,61.0,183.0,2.0,AFC North,AFC,11,5,0,68.75
2013,Ben Roethlisberger,9,PIT,31,QB,16,16,8-8-0,375,584,64.2,4261,28,4.8,14,2.4,67,7.3,7.2,11.4,266.3,92.0,58.1,42,282,6.36,6.24,6.7,1.0,3.0,0,27.0,99.0,1.0,AFC North,AFC,8,8,0,50.0
2013,Carson Palmer,10,ARI,34,QB,16,16,10-6-0,362,572,63.3,4274,24,4.2,22,3.8,91,7.5,6.6,11.8,267.1,83.9,52.6,41,289,6.5,5.67,6.7,3.0,4.0,0,27.0,3.0,0.0,NFC West,NFC,10,6,0,62.5
2013,Andrew Luck,11,IND,24,QB,16,16,11-5-0,343,570,60.2,3822,23,4.0,9,1.6,73,6.7,6.8,11.1,238.9,87.0,63.7,32,227,5.97,6.06,5.3,3.0,3.0,1,63.0,377.0,4.0,AFC South,AFC,11,5,0,68.75
2013,Eli Manning,12,NYG,32,QB,16,16,7-9-0,317,551,57.5,3818,18,3.3,27,4.9,70,6.9,5.4,12.0,238.6,69.4,39.3,39,281,5.99,4.55,6.6,1.0,2.0,0,18.0,36.0,0.0,NFC East,NFC,7,9,0,43.75
2013,Philip Rivers,13,SDG,32,QB,16,16,9-7-0,378,544,69.5,4478,32,5.9,11,2.0,60,8.2,8.5,11.8,279.9,105.5,75.3,30,150,7.54,7.79,5.2,4.0,4.0,1,28.0,72.0,0.0,AFC West,AFC,9,7,0,56.25
2013,Tony Romo,14,DAL,33,QB,15,15,8-7-0,342,535,63.9,3828,31,5.8,10,1.9,82,7.2,7.5,11.2,255.2,96.7,62.0,35,272,6.24,6.54,6.1,2.0,4.0,0,20.0,38.0,0.0,NFC East,NFC,8,7,0,53.333333333333336
2013,Alex Smith,15,KAN,29,QB,15,15,11-4-0,308,508,60.6,3313,23,4.5,7,1.4,71,6.5,6.8,10.8,220.9,89.1,47.1,39,210,5.67,5.94,7.1,1.0,1.0,1,76.0,431.0,1.0,AFC West,AFC,11,4,0,73.33333333333333
2013,Alex Smith,15,KAN,29,QB,15,15,11-4-0,308,508,60.6,3313,23,4.5,7,1.4,71,6.5,6.8,10.8,220.9,89.1,47.1,39,210,5.67,5.94,7.1,1.0,1.0,1,,,,AFC West,AFC,11,4,0,73.33333333333333
2013,Chad Henne,16,JAX,28,QB,15,13,4-9-0,305,503,60.6,3241,13,2.6,14,2.8,62,6.4,5.7,10.6,216.1,76.5,35.0,38,243,5.54,4.86,7.0,1.0,1.0,0,27.0,77.0,0.0,AFC South,AFC,4,9,0,30.76923076923077
2013,Cam Newton,17,CAR,24,QB,16,16,12-4-0,292,473,61.7,3379,24,5.1,13,2.7,79,7.1,6.9,11.6,211.2,88.8,64.3,43,336,5.9,5.69,8.3,4.0,4.0,1,111.0,585.0,6.0,NFC South,NFC,12,4,0,75.0
2013,Robert Griffin,18,WAS,23,QB,13,13,3-10-0,274,456,60.1,3203,16,3.5,12,2.6,62,7.0,6.5,11.7,246.4,82.2,51.8,38,274,5.93,5.48,7.7,1.0,2.0,0,86.0,489.0,0.0,NFC East,NFC,3,10,0,23.076923076923077
2013,Geno Smith,19,NYJ,23,QB,16,16,8-8-0,247,443,55.8,3046,12,2.7,21,4.7,69,6.9,5.3,12.3,190.4,66.5,42.0,43,315,5.62,4.17,8.8,2.0,5.0,0,72.0,366.0,6.0,AFC East,AFC,8,8,0,50.0
2013,Mike Glennon,20,TAM,24,QB,13,13,4-9-0,247,416,59.4,2608,19,4.6,9,2.2,85,6.3,6.2,10.6,200.6,83.9,53.1,40,314,5.03,4.98,8.8,2.0,2.0,0,27.0,37.0,0.0,NFC South,NFC,4,9,0,30.76923076923077
2013,Colin Kaepernick,21,SFO,26,QB,16,16,12-4-0,243,416,58.4,3197,21,5.0,8,1.9,64,7.7,7.8,13.2,199.8,91.6,65.7,39,231,6.52,6.65,8.6,2.0,3.0,0,92.0,524.0,4.0,NFC West,NFC,12,4,0,75.0
2013,Russell Wilson,22,SEA,25,QB,16,16,13-3-0,257,407,63.1,3357,26,6.4,9,2.2,80,8.2,8.5,13.1,209.8,101.2,66.8,44,272,6.84,7.1,9.8,3.0,4.0,1,96.0,539.0,1.0,NFC West,NFC,13,3,0,81.25
2013,Matt Schaub,23,HOU,32,QB,10,8,2-6-0,219,358,61.2,2310,10,2.8,14,3.9,46,6.5,5.3,10.5,231.0,73.0,36.7,21,162,5.67,4.53,5.5,2.0,2.0,0,5.0,24.0,0.0,AFC South,AFC,2,6,0,25.0
2013,Jay Cutler,24,CHI,30,QB,11,11,5-6-0,224,355,63.1,2621,19,5.4,12,3.4,67,7.4,6.9,11.7,238.3,89.2,70.9,19,132,6.66,6.23,5.1,3.0,3.0,0,23.0,118.0,0.0,NFC North,NFC,5,6,0,45.45454545454545
2013,Ryan Fitzpatrick,25,TEN,31,QB,11,9,3-6-0,217,350,62.0,2454,14,4.0,12,3.4,77,7.0,6.3,11.3,223.1,82.0,57.2,21,109,6.32,5.62,5.7,2.0,2.0,0,43.0,225.0,3.0,AFC South,AFC,3,6,0,33.33333333333333
2013,Jason Campbell,26,CLE,32,QB,9,8,1-7-0,180,317,56.8,2015,11,3.5,8,2.5,80,6.4,5.9,11.2,223.9,76.9,41.4,16,104,5.74,5.32,4.8,,,0,14.0,107.0,0.0,AFC North,AFC,1,7,0,12.5
2013,Nick Foles,27,PHI,24,QB,13,10,8-2-0,203,317,64.0,2891,27,8.5,2,0.6,63,9.1,10.5,14.2,222.4,119.2,71.5,28,173,7.88,9.18,8.1,1.0,1.0,1,57.0,221.0,3.0,NFC East,NFC,8,2,0,80.0
2013,EJ Manuel,28,BUF,23,QB,10,10,4-6-0,180,306,58.8,1972,11,3.6,9,2.9,45,6.4,5.8,11.0,197.2,77.7,39.5,28,159,5.43,4.87,8.4,1.0,2.0,0,53.0,186.0,2.0,AFC East,AFC,4,6,0,40.0
2013,Aaron Rodgers,29,GNB,30,QB,9,9,6-3-0,193,290,66.6,2536,17,5.9,6,2.1,83,8.7,9.0,13.1,281.8,104.9,60.6,21,117,7.78,8.0,6.8,1.0,1.0,0,30.0,120.0,0.0,NFC North,NFC,6,3,0,66.66666666666666
2013,Terrelle Pryor,30,OAK,24,QB,11,9,3-6-0,156,272,57.4,1798,7,2.6,11,4.0,73,6.6,5.3,11.5,163.5,69.1,57.1,31,203,5.26,4.09,10.2,,,0,83.0,576.0,2.0,AFC West,AFC,3,6,0,33.33333333333333
2013,Brandon Weeden,31,CLE,30,QB,8,5,0-5-0,141,267,52.8,1731,9,3.4,9,3.4,95,6.5,5.6,12.3,216.4,70.3,34.3,27,180,5.28,4.51,9.2,0.0,1.0,0,12.0,44.0,0.0,AFC North,AFC,0,5,0,0.0
2013,Sam Bradford,32,STL,26,QB,7,7,3-4-0,159,262,60.7,1687,14,5.3,4,1.5,73,6.4,6.8,10.6,241.0,90.9,58.8,15,97,5.74,6.1,5.4,1.0,1.0,0,15.0,31.0,0.0,NFC West,NFC,3,4,0,42.857142857142854
2013,Matt Cassel,33,MIN,31,QB,9,6,3-3-0,153,254,60.2,1807,11,4.3,9,3.5,79,7.1,6.4,11.8,200.8,81.6,51.6,16,85,6.38,5.69,5.9,2.0,2.0,0,18.0,57.0,1.0,NFC North,NFC,3,3,0,50.0
2013,Case Keenum,34,HOU,25,QB,8,8,0-8-0,137,253,54.2,1760,9,3.6,6,2.4,66,7.0,6.6,12.8,220.0,78.2,48.3,19,201,5.73,5.4,7.0,,,0,14.0,72.0,1.0,AFC South,AFC,0,8,0,0.0
2013,Kellen Clemens,35,STL,30,QB,10,9,4-5-0,142,242,58.7,1673,8,3.3,7,2.9,81,6.9,6.3,11.8,167.3,78.8,39.4,21,138,5.84,5.25,8.0,,,0,23.0,64.0,0.0,NFC West,NFC,4,5,0,44.44444444444444
2013,Christian Ponder,36,MIN,25,QB,9,9,2-6-1,152,239,63.6,1648,7,2.9,9,3.8,47,6.9,5.8,10.8,183.1,77.9,42.8,27,119,5.75,4.75,10.2,1.0,0.0,0,34.0,151.0,4.0,NFC North,NFC,2,6,1,22.22222222222222
2013,Josh McCown,37,CHI,34,QB,8,5,3-2-0,149,224,66.5,1829,13,5.8,1,0.4,80,8.2,9.1,12.3,228.6,109.0,83.4,11,37,7.63,8.54,4.7,1.0,1.0,0,13.0,69.0,1.0,NFC North,NFC,3,2,0,60.0
2013,Matt McGloin,38,OAK,24,QB,7,6,1-5-0,118,211,55.9,1547,8,3.8,8,3.8,52,7.3,6.4,13.1,221.0,76.1,50.2,6,53,6.88,5.96,2.8,,,0,11.0,27.0,0.0,AFC West,AFC,1,5,0,16.666666666666664
2013,Jake Locker,40,TEN,25,QB,7,7,4-3-0,111,183,60.7,1256,8,4.4,4,2.2,66,6.9,6.8,11.3,179.4,86.7,58.7,16,105,5.78,5.68,8.0,1.0,2.0,0,24.0,155.0,2.0,AFC South,AFC,4,3,0,57.14285714285714
2013,Thaddeus Lewis,41,BUF,28,QB,6,5,2-3-0,93,157,59.2,1092,4,2.5,3,1.9,57,7.0,6.6,11.7,182.0,81.0,18.7,18,100,5.67,5.35,10.3,1.0,1.0,0,24.0,52.0,1.0,AFC East,AFC,2,3,0,40.0
2013,Kirk Cousins,42,WAS,25,QB,5,3,0-3-0,81,155,52.3,854,4,2.6,7,4.5,62,5.5,4.0,10.5,170.8,58.4,41.7,5,32,5.14,3.67,3.1,,,0,4.0,14.0,0.0,NFC East,NFC,0,3,0,0.0
2013,Michael Vick,44,PHI,33,QB,7,6,2-4-0,77,141,54.6,1215,5,3.5,3,2.1,70,8.6,8.4,15.8,173.6,86.5,53.5,15,99,7.15,6.93,9.6,,,0,36.0,306.0,2.0,NFC East,NFC,2,4,0,33.33333333333333
2013,Brian Hoyer,45,CLE,28,QB,3,3,3-0-0,57,96,59.4,615,5,5.2,3,3.1,47,6.4,6.0,10.8,205.0,82.6,52.8,6,48,5.56,5.22,5.9,1.0,1.0,0,6.0,16.0,0.0,AFC North,AFC,3,0,0,100.0
2013,Scott Tolzien,46,GNB,26,QB,3,2,0-1-1,55,90,61.1,717,1,1.1,5,5.6,52,8.0,5.7,13.0,239.0,66.8,27.6,3,26,7.43,5.23,3.2,,,0,5.0,55.0,1.0,NFC North,NFC,0,1,1,0.0
2013,Blaine Gabbert,47,JAX,24,QB,3,3,0-3-0,42,86,48.8,481,1,1.2,7,8.1,67,5.6,2.2,11.5,160.3,36.0,4.0,12,67,4.22,1.21,12.2,,,0,9.0,32.0,0.0,AFC South,AFC,0,3,0,0.0
2013,Jeff Tuel,48,BUF,22,QB,2,1,0-1-0,26,59,44.1,309,1,1.7,3,5.1,59,5.2,3.3,11.9,154.5,45.1,12.6,2,11,4.89,3.0,3.3,,,0,3.0,17.0,0.0,AFC East,AFC,0,1,0,0.0
2013,Kyle Orton,49,DAL,31,QB,3,1,0-1-0,33,51,64.7,398,2,3.9,2,3.9,39,7.8,6.8,12.1,132.7,85.3,51.6,0,0,7.8,6.82,0.0,,,0,1.0,8.0,0.0,NFC East,NFC,0,1,0,0.0
2013,Chase Daniel,51,KAN,27,QB,5,1,0-1-0,25,38,65.8,248,1,2.6,1,2.6,48,6.5,5.9,9.9,49.6,81.9,73.0,2,11,5.93,5.3,5.0,,,0,14.0,52.0,0.0,AFC West,AFC,0,1,0,0.0
2013,Seneca Wallace,53,GNB,33,QB,2,1,0-1-0,16,24,66.7,139,0,0.0,1,4.2,17,5.8,3.9,8.7,69.5,64.4,11.0,4,25,4.07,2.46,14.3,,,0,,,,NFC North,NFC,0,1,0,0.0
2014,Drew Brees,1,NOR,35,QB,16,16,7-9-0,456,659,69.2,4952,33,5.0,17,2.6,69,7.5,7.4,10.9,309.5,97.0,74.8,29,186,6.93,6.77,4.2,2.0,2.0,1,27.0,68.0,1.0,NFC South,NFC,7,9,0,43.75
2014,Matt Ryan,2,ATL,29,QB,16,16,6-10-0,415,628,66.1,4694,28,4.5,14,2.2,79,7.5,7.4,11.3,293.4,93.9,68.4,31,205,6.81,6.71,4.7,3.0,3.0,1,29.0,145.0,0.0,NFC South,NFC,6,10,0,37.5
2014,Andrew Luck,3,IND,25,QB,16,16,11-5-0,380,616,61.7,4761,40,6.5,16,2.6,80,7.7,7.9,12.5,297.6,96.5,62.6,27,161,7.15,7.28,4.2,1.0,1.0,1,64.0,273.0,3.0,AFC South,AFC,11,5,0,68.75
2014,Ben Roethlisberger,4,PIT,32,QB,16,16,11-5-0,408,608,67.1,4952,32,5.3,9,1.5,94,8.1,8.5,12.1,309.5,103.3,68.7,33,172,7.46,7.82,5.1,2.0,3.0,1,33.0,27.0,0.0,AFC North,AFC,11,5,0,68.75
2014,Matthew Stafford,5,DET,26,QB,16,16,11-5-0,363,602,60.3,4257,22,3.7,12,2.0,73,7.1,6.9,11.7,266.1,85.7,47.3,45,254,6.19,6.03,7.0,5.0,5.0,1,43.0,93.0,2.0,NFC North,NFC,11,5,0,68.75
2014,Eli Manning,6,NYG,33,QB,16,16,6-10-0,379,601,63.1,4410,30,5.0,14,2.3,80,7.3,7.3,11.6,275.6,92.1,62.5,28,187,6.71,6.67,4.5,1.0,1.0,0,12.0,31.0,1.0,NFC East,NFC,6,10,0,37.5
2014,Derek Carr,7,OAK,23,QB,16,16,3-13-0,348,599,58.1,3270,21,3.5,12,2.0,77,5.5,5.3,9.4,204.4,76.6,40.1,24,149,5.01,4.82,3.9,1.0,1.0,0,29.0,92.0,0.0,AFC West,AFC,3,13,0,18.75
2014,Peyton Manning,8,DEN,38,QB,16,16,12-4-0,395,597,66.2,4727,39,6.5,15,2.5,86,7.9,8.1,12.0,295.4,101.5,72.0,17,118,7.51,7.68,2.8,1.0,1.0,1,,,,AFC West,AFC,12,4,0,75.0
2014,Ryan Tannehill,9,MIA,26,QB,16,16,8-8-0,392,590,66.4,4045,27,4.6,12,2.0,50,6.9,6.9,10.3,252.8,92.8,59.3,46,337,5.83,5.83,7.2,2.0,1.0,0,56.0,311.0,1.0,AFC East,AFC,8,8,0,50.0
2014,Tom Brady,10,NWE,37,QB,16,16,12-4-0,373,582,64.1,4109,33,5.7,9,1.5,69,7.1,7.5,11.0,256.8,97.4,76.2,21,134,6.59,7.01,3.5,2.0,2.0,1,36.0,57.0,0.0,AFC East,AFC,12,4,0,75.0
2014,Philip Rivers,11,SDG,33,QB,16,16,9-7-0,379,570,66.5,4286,31,5.4,18,3.2,59,7.5,7.2,11.3,267.9,93.8,63.6,36,189,6.76,6.45,5.9,3.0,3.0,0,37.0,102.0,0.0,AFC West,AFC,9,7,0,56.25
2014,Jay Cutler,12,CHI,31,QB,15,15,5-10-0,370,561,66.0,3812,28,5.0,18,3.2,74,6.8,6.3,10.3,254.1,88.6,51.8,38,223,5.99,5.57,6.3,1.0,1.0,0,39.0,191.0,2.0,NFC North,NFC,5,10,0,33.33333333333333
2014,Joe Flacco,13,BAL,29,QB,16,16,10-6-0,344,554,62.1,3986,27,4.9,12,2.2,80,7.2,7.2,11.6,249.1,91.0,68.2,19,167,6.66,6.66,3.3,2.0,2.0,0,39.0,70.0,2.0,AFC North,AFC,10,6,0,62.5
2014,Aaron Rodgers,14,GNB,31,QB,16,16,12-4-0,341,520,65.6,4381,38,7.3,5,1.0,80,8.4,9.5,12.8,273.8,112.2,78.3,28,174,7.68,8.65,5.1,1.0,1.0,1,43.0,269.0,2.0,NFC North,NFC,12,4,0,75.0
2014,Andy Dalton,15,CIN,27,QB,16,16,10-5-1,309,481,64.2,3398,19,4.0,17,3.5,81,7.1,6.3,11.0,212.4,83.5,48.5,21,124,6.52,5.75,4.2,4.0,3.0,1,60.0,169.0,4.0,AFC North,AFC,10,5,1,62.5
2014,Colin Kaepernick,16,SFO,27,QB,16,16,8-8-0,289,478,60.5,3369,19,4.0,10,2.1,80,7.0,6.9,11.7,210.6,86.4,60.9,52,344,5.71,5.58,9.8,3.0,2.0,0,104.0,639.0,1.0,NFC West,NFC,8,8,0,50.0
2014,Blake Bortles,17,JAX,22,QB,14,13,3-10-0,280,475,58.9,2908,11,2.3,17,3.6,63,6.1,5.0,10.4,207.7,69.5,26.7,55,345,4.84,3.81,10.4,1.0,1.0,0,56.0,419.0,0.0,AFC South,AFC,3,10,0,23.076923076923077
2014,Alex Smith,18,KAN,30,QB,15,15,8-7-0,303,464,65.3,3265,18,3.9,6,1.3,70,7.0,7.2,10.8,217.7,93.4,51.7,45,229,5.96,6.14,8.8,3.0,3.0,0,49.0,254.0,1.0,AFC West,AFC,8,7,0,53.333333333333336
2014,Russell Wilson,19,SEA,26,QB,16,16,12-4-0,285,452,63.1,3475,20,4.4,7,1.5,80,7.7,7.9,12.2,217.2,95.0,71.5,42,242,6.54,6.72,8.5,1.0,4.0,0,118.0,849.0,6.0,NFC West,NFC,12,4,0,75.0
2014,Cam Newton,20,CAR,25,QB,14,14,5-8-1,262,448,58.5,3127,18,4.0,12,2.7,51,7.0,6.6,11.9,223.4,82.1,57.3,38,300,5.82,5.45,7.8,3.0,2.0,0,103.0,539.0,5.0,NFC South,NFC,5,8,1,35.714285714285715
2014,Kyle Orton,21,BUF,32,QB,12,12,7-5-0,287,447,64.2,3018,18,4.0,10,2.2,84,6.8,6.6,10.5,251.5,87.8,43.9,33,198,5.88,5.69,6.9,2.0,2.0,0,15.0,14.0,1.0,AFC East,AFC,7,5,0,58.333333333333336
2014,Brian Hoyer,22,CLE,29,QB,14,13,7-6-0,242,438,55.3,3326,12,2.7,13,3.0,81,7.6,6.8,13.7,237.6,76.5,38.4,24,160,6.85,6.11,5.2,4.0,4.0,0,24.0,39.0,0.0,AFC North,AFC,7,6,0,53.84615384615385
2014,Tony Romo,23,DAL,34,QB,15,15,12-3-0,304,435,69.9,3705,34,7.8,9,2.1,68,8.5,9.1,12.2,247.0,113.2,79.7,29,215,7.52,8.11,6.3,3.0,4.0,1,26.0,61.0,0.0,NFC East,NFC,12,3,0,80.0
2014,Teddy Bridgewater,24,MIN,22,QB,13,12,6-6-0,259,402,64.4,2919,14,3.5,12,3.0,87,7.3,6.6,11.3,224.5,85.2,54.4,39,249,6.05,5.46,8.8,3.0,3.0,0,47.0,209.0,1.0,NFC North,NFC,6,6,0,50.0
2014,Geno Smith,25,NYJ,24,QB,14,13,3-10-0,219,367,59.7,2525,13,3.5,13,3.5,74,6.9,6.0,11.5,180.4,77.5,45.9,28,175,5.95,5.13,7.1,1.0,2.0,0,59.0,238.0,1.0,AFC East,AFC,3,10,0,23.076923076923077
2014,Josh McCown,26,TAM,35,QB,11,11,1-10-0,184,327,56.3,2206,11,3.4,14,4.3,56,6.7,5.5,12.0,200.5,70.5,38.0,36,235,5.43,4.3,9.9,,,0,25.0,127.0,3.0,NFC South,NFC,1,10,0,9.090909090909092
2014,Ryan Fitzpatrick,27,HOU,32,QB,12,12,6-6-0,197,312,63.1,2483,17,5.4,8,2.6,76,8.0,7.9,12.6,206.9,95.3,61.1,21,83,7.21,7.15,6.3,,,0,50.0,184.0,2.0,AFC South,AFC,6,6,0,50.0
2014,Nick Foles,28,PHI,25,QB,8,8,6-2-0,186,311,59.8,2163,13,4.2,10,3.2,68,7.0,6.3,11.6,270.4,81.4,64.1,9,74,6.53,5.93,2.8,2.0,3.0,0,16.0,68.0,0.0,NFC East,NFC,6,2,0,75.0
2014,Mark Sanchez,29,PHI,28,QB,9,8,4-4-0,198,309,64.1,2418,14,4.5,11,3.6,72,7.8,7.1,12.2,268.7,88.4,57.5,23,151,6.83,6.18,6.9,,,0,34.0,87.0,1.0,NFC East,NFC,4,4,0,50.0
2014,Austin Davis,30,STL,25,QB,10,8,3-5-0,180,284,63.4,2001,12,4.2,9,3.2,59,7.0,6.5,11.1,200.1,85.1,44.2,29,179,5.82,5.29,9.3,1.0,2.0,0,16.0,36.0,0.0,NFC West,NFC,3,5,0,37.5
2014,Drew Stanton,31,ARI,30,QB,9,8,5-3-0,132,240,55.0,1711,7,2.9,5,2.1,49,7.1,6.8,13.0,190.1,78.7,51.7,11,66,6.55,6.22,4.4,1.0,1.0,0,25.0,63.0,0.0,NFC West,NFC,5,3,0,62.5
2014,Shaun Hill,32,STL,34,QB,9,8,3-5-0,145,229,63.3,1657,8,3.5,7,3.1,63,7.2,6.6,11.4,184.1,83.9,45.2,18,116,6.24,5.61,7.3,,,0,10.0,10.0,1.0,NFC West,NFC,3,5,0,37.5
2014,Carson Palmer,33,ARI,35,QB,6,6,6-0-0,141,224,62.9,1626,11,4.9,3,1.3,80,7.3,7.6,11.5,271.0,95.6,63.7,9,59,6.73,7.09,3.9,2.0,2.0,0,8.0,25.0,0.0,NFC West,NFC,6,0,0,100.0
2014,Robert Griffin,34,WAS,24,QB,9,7,2-5-0,147,214,68.7,1694,4,1.9,6,2.8,69,7.9,7.0,11.5,188.2,86.9,28.3,33,227,5.94,5.17,13.4,0.0,1.0,0,38.0,176.0,1.0,NFC East,NFC,2,5,0,28.57142857142857
2014,Kirk Cousins,35,WAS,26,QB,6,5,1-4-0,126,204,61.8,1710,10,4.9,9,4.4,81,8.4,7.4,13.6,285.0,86.4,52.0,8,70,7.74,6.77,3.8,,,0,7.0,20.0,0.0,NFC East,NFC,1,4,0,20.0
2014,Mike Glennon,36,TAM,25,QB,6,5,1-4-0,117,203,57.6,1417,10,4.9,6,3.0,41,7.0,6.6,12.1,236.2,83.3,51.5,16,91,6.05,5.74,7.3,1.0,1.0,0,10.0,49.0,0.0,NFC South,NFC,1,4,0,20.0
2014,Charlie Whitehurst,37,TEN,32,QB,7,5,1-4-0,105,185,56.8,1326,7,3.8,2,1.1,75,7.2,7.4,12.6,189.4,87.4,41.7,18,103,6.02,6.27,8.9,,,0,20.0,90.0,0.0,AFC South,AFC,1,4,0,20.0
2014,Zach Mettenberger,38,TEN,23,QB,7,6,0-6-0,107,179,59.8,1412,8,4.5,7,3.9,80,7.9,7.0,13.2,201.7,83.4,30.8,18,138,6.47,5.68,9.1,,,0,5.0,4.0,0.0,AFC South,AFC,0,6,0,0.0
2014,Jake Locker,39,TEN,26,QB,7,5,1-4-0,86,146,58.9,993,5,3.4,7,4.8,61,6.8,5.3,11.5,141.9,70.9,43.8,14,85,5.68,4.33,8.8,,,0,22.0,142.0,1.0,AFC South,AFC,1,4,0,20.0
2014,EJ Manuel,40,BUF,24,QB,5,4,2-2-0,76,131,58.0,838,5,3.8,3,2.3,80,6.4,6.1,11.0,167.6,80.3,24.6,6,44,5.8,5.54,4.4,0.0,1.0,0,16.0,52.0,1.0,AFC East,AFC,2,2,0,50.0
2014,Colt McCoy,41,WAS,28,QB,5,4,1-3-0,91,128,71.1,1057,4,3.1,3,2.3,70,8.3,7.8,11.6,211.4,96.4,36.4,17,117,6.48,6.1,11.7,1.0,2.0,0,16.0,66.0,1.0,NFC East,NFC,1,3,0,25.0
2014,Michael Vick,42,NYJ,34,QB,10,3,1-2-0,64,121,52.9,604,3,2.5,2,1.7,67,5.0,4.7,9.4,60.4,68.3,21.4,19,85,3.71,3.49,13.6,,,0,26.0,153.0,0.0,AFC East,AFC,1,2,0,33.33333333333333
2014,Derek Anderson,43,CAR,31,QB,6,2,2-0-0,65,97,67.0,701,5,5.2,0,0.0,35,7.2,8.3,10.8,116.8,105.2,76.6,4,17,6.77,7.76,4.0,,,0,8.0,24.0,0.0,NFC South,NFC,2,0,0,100.0
2014,Chad Henne,45,JAX,29,QB,3,3,0-3-0,42,78,53.8,492,3,3.8,1,1.3,63,6.3,6.5,11.7,164.0,80.7,26.2,16,105,4.12,4.28,17.0,,,0,4.0,25.0,0.0,AFC South,AFC,0,3,0,0.0
2014,Ryan Mallett,47,HOU,26,QB,3,2,1-1-0,41,75,54.7,400,2,2.7,2,2.7,41,5.3,4.7,9.8,133.3,67.6,47.3,1,5,5.2,4.54,1.3,,,0,,,,AFC South,AFC,1,1,0,50.0
2014,Matt Cassel,48,MIN,32,QB,3,3,1-2-0,41,71,57.7,425,3,4.2,4,5.6,28,6.0,4.3,10.4,141.7,65.8,47.4,6,39,5.01,3.45,7.8,,,0,9.0,18.0,0.0,NFC North,NFC,1,2,0,33.33333333333333
2014,Jimmy Clausen,49,CHI,27,QB,4,1,0-1-0,26,48,54.2,223,2,4.2,1,2.1,22,4.6,4.5,8.6,55.8,71.8,44.1,3,20,3.98,3.88,5.9,,,0,3.0,9.0,0.0,NFC North,NFC,0,1,0,0.0
2014,Christian Ponder,51,MIN,26,QB,2,1,0-1-0,22,44,50.0,222,0,0.0,2,4.5,18,5.0,3.0,10.1,111.0,45.8,7.0,6,34,3.76,1.96,12.0,,,0,4.0,16.0,1.0,NFC North,NFC,0,1,0,0.0
2014,Brandon Weeden,52,DAL,31,QB,5,1,0-1-0,24,41,58.5,303,3,7.3,2,4.9,43,7.4,6.7,12.6,60.6,85.7,7.2,1,9,7.0,6.29,2.4,,,0,,,,NFC East,NFC,0,1,0,0.0
2014,Johnny Manziel,53,CLE,22,QB,5,2,0-2-0,18,35,51.4,175,0,0.0,2,5.7,32,5.0,2.4,9.7,35.0,42.0,7.3,3,26,3.92,1.55,7.9,,,0,9.0,29.0,1.0,AFC North,AFC,0,2,0,0.0
2014,Chase Daniel,54,KAN,28,QB,3,1,1-0-0,16,28,57.1,157,0,0.0,0,0.0,30,5.6,5.6,9.8,52.3,73.1,30.0,4,17,4.38,4.38,12.5,,,0,4.0,15.0,0.0,AFC West,AFC,1,0,0,100.0
2014,Connor Shaw,55,CLE,23,QB,1,1,0-1-0,14,28,50.0,177,0,0.0,1,3.6,49,6.3,4.7,12.6,177.0,55.2,20.0,4,27,4.69,3.28,12.5,,,0,7.0,9.0,0.0,AFC North,AFC,0,1,0,0.0
2015,Philip Rivers,1,SDG,34,QB,16,16,4-12-0,437,661,66.1,4792,29,4.4,13,2.0,80,7.2,7.2,11.0,299.5,93.8,55.7,40,264,6.46,6.45,5.7,1.0,2.0,0,17.0,28.0,0.0,AFC West,AFC,4,12,0,25.0
2015,Drew Brees,2,NOR,36,QB,15,15,7-8-0,428,627,68.3,4870,32,5.1,11,1.8,80,7.8,8.0,11.4,324.7,101.0,70.4,31,235,7.04,7.26,4.7,1.0,2.0,0,24.0,14.0,1.0,NFC South,NFC,7,8,0,46.666666666666664
2015,Tom Brady,3,NWE,38,QB,16,16,12-4-0,402,624,64.4,4770,36,5.8,7,1.1,76,7.6,8.3,11.9,298.1,102.2,68.0,38,225,6.87,7.48,5.7,2.0,2.0,1,34.0,53.0,3.0,AFC East,AFC,12,4,0,75.0
2015,Eli Manning,4,NYG,34,QB,16,16,6-10-0,387,618,62.6,4432,35,5.7,14,2.3,87,7.2,7.3,11.5,277.0,93.6,60.5,27,157,6.63,6.74,4.2,1.0,2.0,1,20.0,61.0,0.0,NFC East,NFC,6,10,0,37.5
2015,Matt Ryan,5,ATL,30,QB,16,16,8-8-0,407,614,66.3,4591,21,3.4,16,2.6,70,7.5,7.0,11.3,286.9,89.0,69.6,30,203,6.81,6.35,4.7,4.0,4.0,0,36.0,63.0,0.0,NFC South,NFC,8,8,0,50.0
2015,Blake Bortles,6,JAX,23,QB,16,16,5-11-0,355,606,58.6,4428,35,5.8,18,3.0,90,7.3,7.1,12.5,276.8,88.2,51.8,51,320,6.25,6.09,7.8,3.0,4.0,0,52.0,310.0,2.0,AFC South,AFC,5,11,0,31.25
2015,Matthew Stafford,7,DET,27,QB,16,16,7-9-0,398,592,67.2,4262,32,5.4,13,2.2,57,7.2,7.3,10.7,266.4,97.0,58.5,44,251,6.31,6.39,6.9,2.0,3.0,0,44.0,159.0,1.0,NFC North,NFC,7,9,0,43.75
2015,Ryan Tannehill,8,MIA,27,QB,16,16,6-10-0,363,586,61.9,4208,24,4.1,12,2.0,54,7.2,7.1,11.6,263.0,88.7,46.3,45,420,6.0,5.91,7.1,2.0,2.0,0,32.0,141.0,1.0,AFC East,AFC,6,10,0,37.5
2015,Derek Carr,9,OAK,24,QB,16,16,7-9-0,350,573,61.1,3987,32,5.6,13,2.3,68,7.0,7.1,11.4,249.2,91.1,41.2,31,230,6.22,6.31,5.1,4.0,4.0,1,33.0,138.0,0.0,AFC West,AFC,7,9,0,43.75
2015,Aaron Rodgers,10,GNB,32,QB,16,16,10-6-0,347,572,60.7,3821,31,5.4,8,1.4,65,6.7,7.1,11.0,238.8,92.7,60.3,46,314,5.67,6.1,7.4,2.0,2.0,1,58.0,344.0,1.0,NFC North,NFC,10,6,0,62.5
2015,Ryan Fitzpatrick,11,NYJ,33,QB,16,16,10-6-0,335,562,59.6,3905,31,5.5,15,2.7,69,6.9,6.9,11.7,244.1,88.0,63.5,19,94,6.56,6.46,3.3,2.0,3.0,0,60.0,270.0,2.0,AFC East,AFC,10,6,0,62.5
2015,Kirk Cousins,12,WAS,27,QB,16,16,9-7-0,379,543,69.8,4166,29,5.3,11,2.0,78,7.7,7.8,11.0,260.4,101.6,71.7,26,186,6.99,7.14,4.6,2.0,3.0,0,26.0,48.0,5.0,NFC East,NFC,9,7,0,56.25
2015,Carson Palmer,13,ARI,36,QB,16,16,13-3-0,342,537,63.7,4671,35,6.5,11,2.0,68,8.7,9.1,13.7,291.9,104.6,77.1,25,151,8.04,8.41,4.4,1.0,4.0,1,25.0,24.0,1.0,NFC West,NFC,13,3,0,81.25
2015,Jameis Winston,14,TAM,21,QB,16,16,6-10-0,312,535,58.3,4042,22,4.1,15,2.8,68,7.6,7.1,13.0,252.6,84.2,61.1,27,190,6.85,6.44,4.8,2.0,3.0,1,54.0,213.0,6.0,NFC South,NFC,6,10,0,37.5
2015,Sam Bradford,15,PHI,28,QB,14,14,7-7-0,346,532,65.0,3725,19,3.6,14,2.6,78,7.0,6.5,10.8,266.1,86.4,42.1,28,200,6.29,5.85,5.0,0.0,2.0,0,26.0,39.0,0.0,NFC East,NFC,7,7,0,50.0
2015,Cam Newton,16,CAR,26,QB,16,16,15-1-0,296,495,59.8,3837,35,7.1,10,2.0,74,7.8,8.3,13.0,239.8,99.4,67.0,33,284,6.73,7.2,6.3,3.0,4.0,1,132.0,636.0,10.0,NFC South,NFC,15,1,0,93.75
2015,Jay Cutler,17,CHI,32,QB,15,15,6-9-0,311,483,64.4,3659,21,4.3,11,2.3,87,7.6,7.4,11.8,243.9,92.3,59.9,29,150,6.85,6.71,5.7,4.0,4.0,0,38.0,201.0,1.0,NFC North,NFC,6,9,0,40.0
2015,Russell Wilson,18,SEA,27,QB,16,16,10-6-0,329,483,68.1,4024,34,7.0,8,1.7,80,8.3,9.0,12.2,251.5,110.1,67.3,45,265,7.12,7.73,8.5,2.0,2.0,1,103.0,553.0,1.0,NFC West,NFC,10,6,0,62.5
2015,Alex Smith,19,KAN,31,QB,16,16,11-5-0,307,470,65.3,3486,20,4.3,7,1.5,80,7.4,7.6,11.4,217.9,95.4,58.4,45,235,6.31,6.48,8.7,1.0,1.0,0,84.0,498.0,2.0,AFC West,AFC,11,5,0,68.75
2015,Ben Roethlisberger,20,PIT,33,QB,12,11,7-4-0,319,469,68.0,3938,21,4.5,16,3.4,69,8.4,7.8,12.3,328.2,94.5,71.1,20,141,7.76,7.15,4.1,1.0,1.0,1,15.0,29.0,0.0,AFC North,AFC,7,4,0,63.63636363636363
2015,Teddy Bridgewater,21,MIN,23,QB,16,16,11-5-0,292,447,65.3,3231,14,3.1,9,2.0,52,7.2,6.9,11.1,201.9,88.7,57.5,44,307,5.96,5.7,9.0,1.0,1.0,1,44.0,192.0,3.0,NFC North,NFC,11,5,0,68.75
2015,Joe Flacco,22,BAL,30,QB,10,10,3-7-0,266,413,64.4,2791,14,3.4,12,2.9,50,6.8,6.1,10.5,279.1,83.1,49.7,16,124,6.22,5.61,3.7,3.0,3.0,0,13.0,23.0,3.0,AFC North,AFC,3,7,0,30.0
2015,Andy Dalton,23,CIN,28,QB,13,13,10-3-0,255,386,66.1,3250,25,6.5,7,1.8,80,8.4,8.9,12.7,250.0,106.2,70.0,20,118,7.71,8.17,4.9,3.0,3.0,0,57.0,142.0,3.0,AFC North,AFC,10,3,0,76.92307692307693
2015,Marcus Mariota,25,TEN,22,QB,12,12,3-9-0,230,370,62.2,2818,19,5.1,10,2.7,61,7.6,7.4,12.3,234.8,91.5,53.3,38,258,6.27,6.1,9.3,2.0,2.0,0,34.0,252.0,2.0,AFC South,AFC,3,9,0,25.0
2015,Brian Hoyer,26,HOU,30,QB,11,9,5-4-0,224,369,60.7,2606,19,5.1,7,1.9,49,7.1,7.2,11.6,236.9,91.4,56.1,25,185,6.14,6.31,6.3,1.0,1.0,0,15.0,44.0,0.0,AFC South,AFC,5,4,0,55.55555555555556
2015,Nick Foles,27,STL,26,QB,11,11,4-7-0,190,337,56.4,2052,7,2.1,10,3.0,68,6.1,5.2,10.8,186.5,69.0,28.1,14,98,5.57,4.68,4.0,1.0,1.0,0,17.0,20.0,1.0,NFC West,NFC,4,7,0,36.36363636363637
2015,Peyton Manning,28,DEN,39,QB,10,9,7-2-0,198,331,59.8,2249,9,2.7,17,5.1,75,6.8,5.0,11.4,224.9,67.9,43.9,16,95,6.21,4.52,4.6,3.0,3.0,0,,,,AFC West,AFC,7,2,0,77.77777777777779
2015,Andrew Luck,29,IND,26,QB,7,7,2-5-0,162,293,55.3,1881,15,5.1,12,4.1,87,6.4,5.6,11.6,268.7,74.9,49.4,15,88,5.82,5.04,4.9,1.0,2.0,0,33.0,196.0,0.0,AFC South,AFC,2,5,0,28.57142857142857
2015,Josh McCown,30,CLE,36,QB,8,8,1-7-0,186,292,63.7,2109,12,4.1,4,1.4,56,7.2,7.4,11.3,263.6,93.3,50.3,23,137,6.26,6.45,7.3,1.0,1.0,0,20.0,98.0,1.0,AFC North,AFC,1,7,0,12.5
2015,Blaine Gabbert,31,SFO,26,QB,8,8,3-5-0,178,282,63.1,2031,10,3.5,7,2.5,71,7.2,6.8,11.4,253.9,86.2,37.8,25,164,6.08,5.71,8.1,2.0,2.0,0,32.0,185.0,1.0,NFC West,NFC,3,5,0,37.5
2015,Brock Osweiler,32,DEN,25,QB,8,7,5-2-0,170,275,61.8,1967,10,3.6,6,2.2,72,7.2,6.9,11.6,245.9,86.4,53.0,23,151,6.09,5.86,7.7,2.0,2.0,0,21.0,61.0,1.0,AFC West,AFC,5,2,0,71.42857142857143
2015,Matt Hasselbeck,33,IND,40,QB,8,8,5-3-0,156,256,60.9,1690,9,3.5,5,2.0,57,6.6,6.4,10.8,211.3,84.0,48.0,16,101,5.84,5.68,5.9,1.0,2.0,0,16.0,15.0,0.0,AFC South,AFC,5,3,0,62.5
2015,Colin Kaepernick,34,SFO,28,QB,9,8,2-6-0,144,244,59.0,1615,6,2.5,5,2.0,76,6.6,6.2,11.2,179.4,78.5,43.4,28,166,5.33,4.94,10.3,,,0,45.0,256.0,1.0,NFC West,NFC,2,6,0,25.0
2015,Johnny Manziel,36,CLE,23,QB,10,6,2-4-0,129,223,57.8,1500,7,3.1,5,2.2,61,6.7,6.3,11.6,150.0,79.4,54.1,19,141,5.62,5.26,7.9,,,0,37.0,230.0,0.0,AFC North,AFC,2,4,0,33.33333333333333
2015,Zach Mettenberger,38,TEN,24,QB,7,4,0-4-0,101,166,60.8,935,4,2.4,7,4.2,57,5.6,4.2,9.3,133.6,66.7,18.4,13,98,4.68,3.36,7.3,,,0,9.0,8.0,1.0,AFC South,AFC,0,4,0,0.0
2015,Case Keenum,41,STL,27,QB,6,5,3-2-0,76,125,60.8,828,4,3.2,1,0.8,60,6.6,6.9,10.9,138.0,87.7,39.4,4,28,6.2,6.47,3.1,,,0,12.0,5.0,0.0,NFC West,NFC,3,2,0,60.0
2015,Tony Romo,42,DAL,35,QB,4,4,3-1-0,83,121,68.6,884,5,4.1,7,5.8,39,7.3,5.5,10.7,221.0,79.4,54.9,6,35,6.69,4.99,4.7,1.0,2.0,0,4.0,13.0,0.0,NFC East,NFC,3,1,0,75.0
2015,A.J. McCarron,43,CIN,25,QB,7,3,2-1-0,79,119,66.4,854,6,5.0,2,1.7,66,7.2,7.4,10.8,122.0,97.1,,12,63,6.04,6.27,9.2,,,0,14.0,31.0,0.0,AFC North,AFC,2,1,0,66.66666666666666
2015,Kellen Moore,44,DAL,26,QB,3,2,0-2-0,61,104,58.7,779,4,3.8,6,5.8,36,7.5,5.7,12.8,259.7,71.0,21.7,5,23,6.94,5.19,4.6,,,0,,,,NFC East,NFC,0,2,0,0.0
2015,Austin Davis,45,CLE,26,QB,3,2,0-2-0,56,94,59.6,547,1,1.1,3,3.2,42,5.8,4.6,9.8,182.3,66.2,32.1,11,96,4.3,3.2,10.5,,,0,7.0,33.0,0.0,AFC North,AFC,0,2,0,0.0
2015,Mark Sanchez,46,PHI,29,QB,4,2,0-2-0,59,91,64.8,616,4,4.4,4,4.4,43,6.8,5.7,10.4,154.0,80.7,34.4,9,54,5.62,4.62,9.0,,,0,6.0,22.0,0.0,NFC East,NFC,0,2,0,0.0
2015,EJ Manuel,47,BUF,25,QB,7,2,0-2-0,52,84,61.9,561,3,3.6,3,3.6,58,6.7,5.8,10.8,80.1,78.5,38.1,6,45,5.73,4.9,6.7,0.0,0.0,0,17.0,64.0,1.0,AFC East,AFC,0,2,0,0.0
2015,Matt Schaub,48,BAL,34,QB,2,2,1-1-0,52,80,65.0,540,3,3.8,4,5.0,48,6.8,5.3,10.4,270.0,76.0,42.1,3,27,6.18,4.73,3.6,0.0,0.0,0,4.0,10.0,0.0,AFC North,AFC,1,1,0,50.0
2015,Michael Vick,49,PIT,35,QB,5,3,2-1-0,40,66,60.6,371,2,3.0,1,1.5,72,5.6,5.5,9.3,74.2,79.8,31.8,10,53,4.18,4.12,13.2,1.0,1.0,0,20.0,99.0,0.0,AFC North,AFC,2,1,0,66.66666666666666
2015,T.J. Yates,50,HOU,28,QB,4,2,2-0-0,28,57,49.1,370,3,5.3,1,1.8,61,6.5,6.8,13.2,92.5,80.3,46.5,5,33,5.44,5.68,8.1,1.0,1.0,0,,,,AFC South,AFC,2,0,0,100.0
2015,Landry Jones,51,PIT,26,QB,7,2,1-1-0,32,55,58.2,513,3,5.5,4,7.3,88,9.3,7.1,16.0,73.3,77.3,43.8,2,17,8.7,6.6,3.5,0.0,1.0,0,,,,AFC North,AFC,1,1,0,50.0
2015,Luke McCown,54,NOR,34,QB,8,1,0-1-0,32,39,82.1,335,0,0.0,1,2.6,25,8.6,7.4,10.5,41.9,91.8,86.1,1,0,8.38,7.25,2.5,,,0,,,,NFC South,NFC,0,1,0,0.0
2015,Josh Freeman,57,IND,27,QB,1,1,1-0-0,15,28,53.6,149,1,3.6,1,3.6,57,5.3,4.4,9.9,149.0,65.9,61.5,1,7,4.9,4.03,3.4,,,0,8.0,24.0,0.0,AFC South,AFC,1,0,0,100.0
2016,Drew Brees,1,NOR,37,QB,16,16,7-9-0,471,673,70.0,5208,37,5.5,15,2.2,98,7.7,7.8,11.1,325.5,101.7,65.1,27,184,7.18,7.27,3.9,2.0,4.0,1,23.0,20.0,2.0,NFC South,NFC,7,9,0,43.75
2016,Joe Flacco,2,BAL,31,QB,16,16,8-8-0,436,672,64.9,4317,20,3.0,15,2.2,95,6.4,6.0,9.9,269.8,83.5,52.7,33,243,5.78,5.39,4.7,2.0,2.0,0,21.0,58.0,2.0,AFC North,AFC,8,8,0,50.0
2016,Blake Bortles,3,JAX,24,QB,16,16,3-13-0,368,625,58.9,3905,23,3.7,16,2.6,51,6.2,5.8,10.6,244.1,78.8,42.8,34,197,5.63,5.23,5.2,1.0,1.0,0,58.0,359.0,3.0,AFC South,AFC,3,13,0,18.75
2016,Aaron Rodgers,4,GNB,33,QB,16,16,10-6-0,401,610,65.7,4428,40,6.6,7,1.1,60,7.3,8.1,11.0,276.8,104.2,73.8,35,246,6.48,7.24,5.4,0.0,2.0,1,67.0,369.0,4.0,NFC North,NFC,10,6,0,62.5
2016,Carson Wentz,5,PHI,24,QB,16,16,7-9-0,379,607,62.4,3782,16,2.6,14,2.3,73,6.2,5.7,10.0,236.4,79.3,49.4,33,213,5.58,5.09,5.2,1.0,1.0,0,46.0,150.0,2.0,NFC East,NFC,7,9,0,43.75
2016,Kirk Cousins,6,WAS,28,QB,16,16,8-7-1,406,606,67.0,4917,25,4.1,12,2.0,80,8.1,8.0,12.1,307.3,97.2,66.1,23,190,7.52,7.45,3.7,4.0,4.0,1,34.0,96.0,4.0,NFC East,NFC,8,7,1,50.0
2016,Eli Manning,7,NYG,35,QB,16,16,11-5-0,377,598,63.0,4027,26,4.3,16,2.7,75,6.7,6.4,10.7,251.7,86.0,49.3,21,142,6.28,5.95,3.4,3.0,6.0,0,,,,NFC East,NFC,11,5,0,68.75
2016,Carson Palmer,8,ARI,37,QB,15,15,6-8-1,364,597,61.0,4233,26,4.4,14,2.3,80,7.1,6.9,11.6,282.2,87.2,54.5,40,281,6.2,6.03,6.3,1.0,3.0,0,14.0,38.0,0.0,NFC West,NFC,6,8,1,40.0
2016,Matthew Stafford,9,DET,28,QB,16,16,9-7-0,388,594,65.3,4327,24,4.0,10,1.7,73,7.3,7.3,11.2,270.4,93.3,66.5,37,216,6.52,6.56,5.9,8.0,8.0,0,37.0,207.0,2.0,NFC North,NFC,9,7,0,56.25
2016,Philip Rivers,10,SDG,35,QB,16,16,5-11-0,349,578,60.4,4386,33,5.7,21,3.6,59,7.6,7.1,12.6,274.1,87.9,57.5,36,188,6.84,6.37,5.9,1.0,1.0,1,14.0,35.0,0.0,AFC West,AFC,5,11,0,31.25
2016,Jameis Winston,11,TAM,22,QB,16,16,9-7-0,345,567,60.8,4090,28,4.9,18,3.2,45,7.2,6.8,11.9,255.6,86.1,59.7,35,239,6.4,5.98,5.8,1.0,3.0,0,53.0,165.0,1.0,NFC South,NFC,9,7,0,56.25
2016,Andy Dalton,12,CIN,29,QB,16,16,6-9-1,364,563,64.7,4206,18,3.2,8,1.4,86,7.5,7.5,11.6,262.9,91.8,50.8,41,264,6.53,6.53,6.8,2.0,1.0,1,46.0,184.0,4.0,AFC North,AFC,6,9,1,37.5
2016,Derek Carr,13,OAK,25,QB,15,15,12-3-0,357,560,63.8,3937,28,5.0,6,1.1,75,7.0,7.5,11.0,262.5,96.7,54.6,16,79,6.7,7.2,2.8,7.0,7.0,1,39.0,70.0,0.0,AFC West,AFC,12,3,0,80.0
2016,Sam Bradford,14,MIN,29,QB,15,15,7-8-0,395,552,71.6,3877,20,3.6,5,0.9,71,7.0,7.3,9.8,258.5,99.3,57.3,37,276,6.11,6.41,6.3,1.0,1.0,0,20.0,53.0,0.0,NFC North,NFC,7,8,0,46.666666666666664
2016,Russell Wilson,15,SEA,28,QB,16,16,10-5-1,353,546,64.7,4219,21,3.8,11,2.0,59,7.7,7.6,12.0,263.7,92.6,56.8,41,293,6.69,6.56,7.0,4.0,3.0,0,72.0,259.0,1.0,NFC West,NFC,10,5,1,62.5
2016,Andrew Luck,16,IND,27,QB,15,15,8-7-0,346,545,63.5,4240,31,5.7,13,2.4,64,7.8,7.8,12.3,282.7,96.4,65.9,41,268,6.78,6.84,7.0,4.0,4.0,0,64.0,341.0,2.0,AFC South,AFC,8,7,0,53.333333333333336
2016,Matt Ryan,17,ATL,31,QB,16,16,11-5-0,373,534,69.9,4944,38,7.1,7,1.3,76,9.3,10.1,13.3,309.0,117.1,79.4,37,235,8.25,9.03,6.5,1.0,2.0,1,35.0,117.0,0.0,NFC South,NFC,11,5,0,68.75
2016,Cam Newton,18,CAR,27,QB,15,14,6-8-0,270,510,52.9,3509,19,3.7,14,2.7,88,6.9,6.4,13.0,233.9,75.8,48.0,36,277,5.92,5.46,6.6,,,0,90.0,359.0,5.0,NFC South,NFC,6,8,0,42.857142857142854
2016,Brock Osweiler,19,HOU,26,QB,15,14,8-6-0,301,510,59.0,2957,15,2.9,16,3.1,53,5.8,5.0,9.8,197.1,72.2,49.5,27,206,5.12,4.34,5.0,2.0,2.0,0,30.0,131.0,2.0,AFC South,AFC,8,6,0,57.14285714285714
2016,Ben Roethlisberger,20,PIT,34,QB,14,14,10-4-0,328,509,64.4,3819,29,5.7,13,2.6,72,7.5,7.5,11.6,272.8,95.4,61.8,17,141,6.99,6.98,3.2,2.0,2.0,1,16.0,14.0,1.0,AFC North,AFC,10,4,0,71.42857142857143
2016,Alex Smith,21,KAN,32,QB,15,15,11-4-0,328,489,67.1,3502,15,3.1,8,1.6,80,7.2,7.0,10.7,233.5,91.2,58.0,28,140,6.5,6.39,5.4,3.0,3.0,1,48.0,134.0,5.0,AFC West,AFC,11,4,0,73.33333333333333
2016,Trevor Siemian,22,DEN,25,QB,14,14,8-6-0,289,486,59.5,3401,18,3.7,10,2.1,76,7.0,6.8,11.8,242.9,84.6,48.4,31,187,6.22,6.04,6.0,3.0,2.0,0,28.0,57.0,0.0,AFC West,AFC,8,6,0,57.14285714285714
2016,Dak Prescott,23,DAL,23,QB,16,16,13-3-0,311,459,67.8,3667,23,5.0,4,0.9,83,8.0,8.6,11.8,229.2,104.9,78.8,25,143,7.28,7.86,5.2,5.0,5.0,1,57.0,282.0,6.0,NFC East,NFC,13,3,0,81.25
2016,Marcus Mariota,24,TEN,23,QB,15,15,8-7-0,276,451,61.2,3426,26,5.8,9,2.0,60,7.6,7.9,12.4,228.4,95.6,59.4,23,156,6.9,7.14,4.9,2.0,2.0,0,60.0,349.0,2.0,AFC South,AFC,8,7,0,53.333333333333336
2016,Tyrod Taylor,25,BUF,27,QB,15,15,7-8-0,269,436,61.7,3023,17,3.9,6,1.4,84,6.9,7.1,11.2,201.5,89.7,61.4,42,192,5.92,6.07,8.8,1.0,1.0,0,95.0,580.0,6.0,AFC East,AFC,7,8,0,46.666666666666664
2016,Tom Brady,26,NWE,39,QB,12,12,11-1-0,291,432,67.4,3554,28,6.5,2,0.5,79,8.2,9.3,12.2,296.2,112.2,79.1,15,87,7.76,8.81,3.4,1.0,1.0,1,28.0,64.0,0.0,AFC East,AFC,11,1,0,91.66666666666666
2016,Ryan Fitzpatrick,27,NYJ,34,QB,14,11,3-8-0,228,403,56.6,2710,12,3.0,17,4.2,57,6.7,5.4,11.9,193.6,69.6,37.9,19,81,6.23,4.99,4.5,,,0,33.0,130.0,0.0,AFC East,AFC,3,8,0,27.27272727272727
2016,Ryan Tannehill,28,MIA,28,QB,13,13,8-5-0,261,389,67.1,2995,19,4.9,12,3.1,74,7.7,7.3,11.5,230.4,93.5,49.4,29,216,6.65,6.27,6.9,3.0,3.0,0,39.0,164.0,1.0,AFC East,AFC,8,5,0,61.53846153846154
2016,Colin Kaepernick,29,SFO,29,QB,12,11,1-10-0,196,331,59.2,2241,16,4.8,4,1.2,65,6.8,7.2,11.4,186.8,90.7,49.5,36,207,5.54,5.92,9.8,1.0,1.0,0,69.0,468.0,2.0,NFC West,NFC,1,10,0,9.090909090909092
2016,Case Keenum,30,LAR,28,QB,10,9,4-5-0,196,322,60.9,2201,9,2.8,11,3.4,65,6.8,5.9,11.2,220.1,76.4,37.1,23,140,5.97,5.06,6.7,1.0,2.0,0,20.0,51.0,1.0,NFC West,NFC,4,5,0,44.44444444444444
2016,Matt Barkley,31,CHI,26,QB,7,6,1-5-0,129,216,59.7,1611,8,3.7,14,6.5,37,7.5,5.3,12.5,230.1,68.3,39.8,6,43,7.06,4.95,2.7,,,0,7.0,2.0,0.0,NFC North,NFC,1,5,0,16.666666666666664
2016,Jared Goff,32,LAR,22,QB,7,7,0-7-0,112,205,54.6,1089,5,2.4,7,3.4,66,5.3,4.3,9.7,155.6,63.6,18.9,26,222,3.75,2.82,11.3,,,0,8.0,16.0,1.0,NFC West,NFC,0,7,0,0.0
2016,Brian Hoyer,33,CHI,31,QB,6,5,1-4-0,134,200,67.0,1445,6,3.0,0,0.0,64,7.2,7.8,10.8,240.8,98.0,59.5,4,18,7.0,7.58,2.0,,,0,,,,NFC North,NFC,1,4,0,20.0
2016,Cody Kessler,34,CLE,23,QB,9,8,0-8-0,128,195,65.6,1380,6,3.1,2,1.0,44,7.1,7.2,10.8,153.3,92.3,42.1,21,140,5.74,5.88,9.7,,,0,11.0,18.0,0.0,AFC North,AFC,0,8,0,0.0
2016,Josh McCown,35,CLE,37,QB,5,3,0-3-0,90,165,54.5,1100,6,3.6,6,3.6,54,6.7,5.8,12.2,220.0,72.3,31.5,18,126,5.32,4.5,9.8,,,0,7.0,21.0,0.0,AFC North,AFC,0,3,0,0.0
2016,Blaine Gabbert,36,SFO,27,QB,6,5,1-4-0,91,160,56.9,925,5,3.1,6,3.8,75,5.8,4.7,10.2,154.2,68.4,53.7,11,48,5.13,4.13,6.4,,,0,40.0,173.0,2.0,NFC West,NFC,1,4,0,20.0
2016,Robert Griffin,37,CLE,26,QB,5,5,1-4-0,87,147,59.2,886,2,1.4,3,2.0,58,6.0,5.4,10.2,177.2,72.5,36.4,22,138,4.43,3.86,13.0,,,0,31.0,190.0,2.0,AFC North,AFC,1,4,0,20.0
2016,Jay Cutler,38,CHI,33,QB,5,5,1-4-0,81,137,59.1,1059,4,2.9,5,3.6,54,7.7,6.7,13.1,211.8,78.1,23.2,17,104,6.2,5.26,11.0,,,0,5.0,24.0,0.0,NFC North,NFC,1,4,0,20.0
2016,Bryce Petty,39,NYJ,25,QB,6,4,1-3-0,75,133,56.4,809,3,2.3,7,5.3,52,6.1,4.2,10.8,134.8,60.0,16.1,13,79,5.0,3.25,8.9,1.0,1.0,0,5.0,19.0,0.0,AFC East,AFC,1,3,0,25.0
2016,Matt Moore,40,MIA,32,QB,4,3,2-1-0,55,87,63.2,721,8,9.2,3,3.4,66,8.3,8.6,13.1,180.3,105.6,77.8,1,0,8.19,8.48,1.1,1.0,2.0,0,,,,AFC East,AFC,2,1,0,66.66666666666666
2016,Landry Jones,41,PIT,27,QB,8,2,1-1-0,53,86,61.6,558,4,4.7,2,2.3,51,6.5,6.4,10.5,69.8,86.3,43.8,4,34,5.82,5.71,4.4,1.0,1.0,0,,,,AFC North,AFC,1,1,0,50.0
2016,Paxton Lynch,42,DEN,22,QB,3,2,1-1-0,49,83,59.0,497,2,2.4,1,1.2,31,6.0,5.9,10.1,165.7,79.2,23.3,9,42,4.95,4.89,9.8,,,0,11.0,25.0,0.0,AFC West,AFC,1,1,0,50.0
2016,Tom Savage,43,HOU,26,QB,3,2,1-1-0,46,73,63.0,461,0,0.0,0,0.0,32,6.3,6.3,10.0,153.7,80.9,60.6,5,36,5.45,5.45,6.4,2.0,2.0,0,6.0,12.0,0.0,AFC South,AFC,1,1,0,50.0
2016,Jimmy Garoppolo,44,NWE,25,QB,6,2,2-0-0,43,63,68.3,502,4,6.3,0,0.0,37,8.0,9.2,11.7,83.7,113.3,86.0,3,15,7.38,8.59,4.5,1.0,1.0,0,10.0,6.0,0.0,AFC East,AFC,2,0,0,100.0
2016,Jacoby Brissett,45,NWE,23,QB,3,2,1-1-0,34,55,61.8,400,0,0.0,0,0.0,58,7.3,7.3,11.8,133.3,83.9,41.7,6,46,5.8,5.8,9.8,,,0,16.0,83.0,1.0,AFC East,AFC,1,1,0,50.0
2016,Nick Foles,46,KAN,27,QB,3,1,1-0-0,36,55,65.5,410,3,5.5,0,0.0,49,7.5,8.5,11.4,136.7,105.9,31.8,4,34,6.37,7.39,6.8,,,0,,,,AFC West,AFC,1,0,0,100.0
2016,Derek Anderson,47,CAR,33,QB,5,2,0-2-0,36,53,67.9,453,2,3.8,5,9.4,48,8.5,5.1,12.6,90.6,67.6,14.9,0,0,8.55,5.06,0.0,,,0,1.0,4.0,0.0,NFC South,NFC,0,2,0,0.0
2016,Matt Cassel,48,TEN,34,QB,4,1,1-0-0,30,51,58.8,284,2,3.9,2,3.9,50,5.6,4.6,9.5,71.0,71.0,63.3,5,23,4.66,3.77,8.9,,,0,4.0,3.0,0.0,AFC South,AFC,1,0,0,100.0
2016,Drew Stanton,49,ARI,32,QB,5,1,1-0-0,19,48,39.6,192,2,4.2,3,6.3,29,4.0,2.0,10.1,38.4,39.6,22.5,1,8,3.76,1.82,2.0,,,0,,,,NFC West,NFC,1,0,0,100.0
2016,Scott Tolzien,50,IND,29,QB,3,1,0-1-0,23,37,62.2,216,1,2.7,2,5.4,32,5.8,3.9,9.4,72.0,64.7,23.8,3,21,4.88,3.13,7.5,,,0,6.0,3.0,0.0,AFC South,AFC,0,1,0,0.0
2016,Shaun Hill,51,MIN,36,QB,3,1,1-0-0,19,35,54.3,242,0,0.0,0,0.0,33,6.9,6.9,12.7,80.7,76.1,51.5,1,7,6.53,6.53,2.8,,,0,5.0,5.0,0.0,NFC North,NFC,1,0,0,100.0
2016,EJ Manuel,53,BUF,26,QB,6,1,0-1-0,11,26,42.3,131,0,0.0,0,0.0,35,5.0,5.0,11.9,21.8,58.3,23.6,3,20,3.83,3.83,10.3,,,0,8.0,22.0,0.0,AFC East,AFC,0,1,0,0.0
2016,Matt McGloin,58,OAK,27,QB,3,1,0-1-0,8,15,53.3,50,0,0.0,0,0.0,19,3.3,3.3,6.3,16.7,60.4,8.2,0,0,3.33,3.33,0.0,,,0,,,,AFC West,AFC,0,1,0,0.0
2016,Geno Smith,59,NYJ,26,QB,2,1,1-0-0,8,14,57.1,126,1,7.1,1,7.1,69,9.0,7.2,15.8,63.0,81.3,28.7,3,19,6.29,4.82,17.6,,,0,2.0,9.0,0.0,AFC East,AFC,1,0,0,100.0
2017,Tom Brady,1,NWE,40,QB,16,16,13-3-0,385,581,66.3,4577,32,5.5,8,1.4,64,7.9,8.4,11.9,286.1,102.8,73.2,35,201,7.1,7.56,5.7,2.0,2.0,1,25.0,28.0,0.0,AFC East,AFC,13,3,0,81.25
2017,Philip Rivers,2,LAC,36,QB,16,16,9-7-0,360,575,62.6,4515,28,4.9,10,1.7,75,7.9,8.0,12.5,282.2,96.0,64.1,18,120,7.41,7.6,3.0,2.0,2.0,1,,,,AFC West,AFC,9,7,0,56.25
2017,Eli Manning,3,NYG,36,QB,15,15,3-12-0,352,571,61.6,3468,19,3.3,13,2.3,77,6.1,5.7,9.9,231.2,80.4,45.4,31,189,5.45,5.11,5.1,0.0,1.0,0,12.0,26.0,1.0,NFC East,NFC,3,12,0,20.0
2017,Matthew Stafford,4,DET,29,QB,16,16,9-7-0,371,565,65.7,4446,29,5.1,10,1.8,71,7.9,8.1,12.0,277.9,99.3,65.3,47,287,6.8,7.01,7.7,1.0,4.0,0,29.0,98.0,0.0,NFC North,NFC,9,7,0,56.25
2017,Ben Roethlisberger,5,PIT,35,QB,15,15,12-3-0,360,561,64.2,4251,28,5.0,14,2.5,97,7.6,7.5,11.8,283.4,93.4,66.3,21,139,7.07,6.95,3.6,3.0,4.0,1,28.0,47.0,0.0,AFC North,AFC,12,3,0,80.0
2017,Russell Wilson,6,SEA,29,QB,16,16,9-7-0,339,553,61.3,3983,34,6.1,11,2.0,74,7.2,7.5,11.7,248.9,95.4,61.7,43,322,6.14,6.45,7.2,2.0,2.0,1,95.0,586.0,3.0,NFC West,NFC,9,7,0,56.25
2017,Joe Flacco,7,BAL,32,QB,16,16,9-7-0,352,549,64.1,3141,18,3.3,13,2.4,66,5.7,5.3,8.9,196.3,80.4,49.8,27,205,5.1,4.71,4.7,,,0,25.0,54.0,1.0,AFC North,AFC,9,7,0,56.25
2017,Kirk Cousins,8,WAS,29,QB,16,16,7-9-0,347,540,64.3,4093,27,5.0,13,2.4,74,7.6,7.5,11.8,255.8,93.9,54.2,41,342,6.46,6.38,7.1,1.0,4.0,0,49.0,179.0,4.0,NFC East,NFC,7,9,0,43.75
2017,Drew Brees,9,NOR,38,QB,16,16,11-5-0,386,536,72.0,4334,23,4.3,8,1.5,54,8.1,8.3,11.2,270.9,103.9,64.6,20,145,7.53,7.71,3.6,2.0,2.0,1,33.0,12.0,2.0,NFC South,NFC,11,5,0,68.75
2017,Matt Ryan,10,ATL,32,QB,16,16,10-6-0,342,529,64.7,4095,20,3.8,12,2.3,88,7.7,7.5,12.0,255.9,91.4,68.3,24,156,7.12,6.87,4.3,2.0,3.0,0,32.0,143.0,0.0,NFC South,NFC,10,6,0,62.5
2017,Blake Bortles,11,JAX,25,QB,16,16,10-6-0,315,523,60.2,3687,21,4.0,13,2.5,75,7.0,6.7,11.7,230.4,84.7,59.2,24,123,6.52,6.21,4.4,1.0,1.0,0,57.0,322.0,2.0,AFC South,AFC,10,6,0,62.5
2017,Derek Carr,12,OAK,26,QB,15,15,6-9-0,323,515,62.7,3496,22,4.3,13,2.5,87,6.8,6.5,10.8,233.1,86.4,51.0,20,101,6.35,6.07,3.7,1.0,1.0,1,23.0,66.0,0.0,AFC West,AFC,6,9,0,40.0
2017,Alex Smith,13,KAN,33,QB,15,15,9-6-0,341,505,67.5,4042,26,5.1,5,1.0,79,8.0,8.6,11.9,269.5,104.7,67.0,35,207,7.1,7.65,6.5,1.0,3.0,1,60.0,355.0,1.0,AFC West,AFC,9,6,0,60.0
2017,Andy Dalton,14,CIN,30,QB,16,16,7-9-0,297,496,59.9,3320,25,5.0,12,2.4,77,6.7,6.6,11.2,207.5,86.6,45.7,39,255,5.73,5.65,7.3,3.0,3.0,0,38.0,99.0,0.0,AFC North,AFC,7,9,0,43.75
2017,Cam Newton,15,CAR,28,QB,16,16,11-5-0,291,492,59.1,3302,22,4.5,16,3.3,64,6.7,6.1,11.3,206.4,80.7,53.3,35,242,5.81,5.28,6.6,1.0,3.0,0,139.0,754.0,6.0,NFC South,NFC,11,5,0,68.75
2017,Dak Prescott,16,DAL,24,QB,16,16,9-7-0,308,490,62.9,3324,22,4.5,13,2.7,81,6.8,6.5,10.8,207.8,86.6,69.5,32,185,6.01,5.74,6.1,0.0,4.0,0,57.0,357.0,6.0,NFC East,NFC,9,7,0,56.25
2017,Case Keenum,17,MIN,29,QB,15,14,11-3-0,325,481,67.6,3547,22,4.6,7,1.5,65,7.4,7.6,10.9,236.5,98.3,74.3,22,136,6.78,7.03,4.4,1.0,3.0,0,40.0,160.0,1.0,NFC North,NFC,11,3,0,78.57142857142857
2017,Jared Goff,18,LAR,23,QB,15,15,11-4-0,296,477,62.1,3804,28,5.9,7,1.5,94,8.0,8.5,12.9,253.6,100.5,52.1,25,172,7.24,7.72,5.0,1.0,1.0,1,28.0,51.0,1.0,NFC West,NFC,11,4,0,73.33333333333333
2017,DeShone Kizer,19,CLE,21,QB,15,15,0-15-0,255,476,53.6,2894,11,2.3,22,4.6,56,6.1,4.5,11.3,192.9,60.5,29.7,38,226,5.19,3.69,7.4,,,0,77.0,419.0,5.0,AFC North,AFC,0,15,0,0.0
2017,Jacoby Brissett,20,IND,24,QB,16,15,4-11-0,276,469,58.8,3098,13,2.8,7,1.5,80,6.6,6.5,11.2,193.6,81.7,41.5,52,305,5.36,5.26,10.0,0.0,1.0,0,63.0,260.0,4.0,AFC South,AFC,4,11,0,26.666666666666668
2017,Marcus Mariota,21,TEN,24,QB,15,15,9-6-0,281,453,62.0,3232,13,2.9,15,3.3,75,7.1,6.2,11.5,215.5,79.3,58.8,27,173,6.37,5.51,5.6,3.0,4.0,0,60.0,312.0,5.0,AFC South,AFC,9,6,0,60.0
2017,Jameis Winston,22,TAM,23,QB,13,13,3-10-0,282,442,63.8,3504,19,4.3,11,2.5,70,7.9,7.7,12.4,269.5,92.2,54.0,33,207,6.94,6.7,6.9,2.0,2.0,0,33.0,135.0,1.0,NFC South,NFC,3,10,0,23.076923076923077
2017,Carson Wentz,23,PHI,25,QB,13,13,11-2-0,265,440,60.2,3296,33,7.5,7,1.6,72,7.5,8.3,12.4,253.5,101.9,77.2,28,162,6.7,7.43,6.0,1.0,1.0,1,64.0,299.0,0.0,NFC East,NFC,11,2,0,84.61538461538461
2017,Jay Cutler,24,MIA,34,QB,14,14,6-8-0,266,429,62.0,2666,19,4.4,14,3.3,65,6.2,5.6,10.0,190.4,80.8,45.6,20,154,5.59,5.04,4.5,2.0,3.0,0,19.0,32.0,0.0,AFC East,AFC,6,8,0,42.857142857142854
2017,Tyrod Taylor,25,BUF,28,QB,15,14,8-6-0,263,420,62.6,2799,14,3.3,4,1.0,47,6.7,6.9,10.6,186.6,89.2,60.0,46,256,5.46,5.67,9.9,1.0,2.0,0,84.0,427.0,4.0,AFC East,AFC,8,6,0,57.14285714285714
2017,Josh McCown,26,NYJ,38,QB,13,13,5-8-0,267,397,67.3,2926,18,4.5,9,2.3,69,7.4,7.3,11.0,225.1,94.5,60.0,39,264,6.11,6.0,8.9,1.0,2.0,0,37.0,124.0,5.0,AFC East,AFC,5,8,0,38.46153846153847
2017,Trevor Siemian,27,DEN,26,QB,11,10,5-5-0,206,349,59.0,2285,12,3.4,14,4.0,44,6.5,5.4,11.1,207.7,73.3,33.1,33,220,5.41,4.38,8.6,,,0,31.0,127.0,1.0,AFC West,AFC,5,5,0,50.0
2017,Mitchell Trubisky,28,CHI,23,QB,12,12,4-8-0,196,330,59.4,2193,7,2.1,7,2.1,70,6.6,6.1,11.2,182.8,77.5,31.6,31,196,5.53,5.05,8.6,0.0,1.0,0,41.0,248.0,2.0,NFC North,NFC,4,8,0,33.33333333333333
2017,Brett Hundley,29,GNB,24,QB,11,9,3-6-0,192,316,60.8,1836,9,2.8,12,3.8,55,5.8,4.7,9.6,166.9,70.6,44.2,29,197,4.75,3.71,8.4,2.0,2.0,0,36.0,270.0,2.0,NFC North,NFC,3,6,0,33.33333333333333
2017,Carson Palmer,30,ARI,38,QB,7,7,3-4-0,164,267,61.4,1978,9,3.4,7,2.6,46,7.4,6.9,12.1,282.6,84.4,52.5,22,150,6.33,5.86,7.6,2.0,2.0,0,14.0,12.0,0.0,NFC West,NFC,3,4,0,42.857142857142854
2017,Aaron Rodgers,31,GNB,34,QB,7,7,4-3-0,154,238,64.7,1675,16,6.7,6,2.5,72,7.0,7.2,10.9,239.3,97.2,64.4,22,168,5.8,5.99,8.5,2.0,2.0,0,24.0,126.0,0.0,NFC North,NFC,4,3,0,57.14285714285714
2017,C.J. Beathard,32,SFO,24,QB,7,5,1-4-0,123,224,54.9,1430,4,1.8,6,2.7,83,6.4,5.5,11.6,204.3,69.2,32.6,19,141,5.3,4.52,7.8,,,0,26.0,136.0,3.0,NFC West,NFC,1,4,0,20.0
2017,Tom Savage,33,HOU,27,QB,8,7,1-6-0,125,223,56.1,1412,5,2.2,6,2.7,57,6.3,5.6,11.3,176.5,71.4,37.2,21,159,5.14,4.44,8.6,1.0,1.0,0,4.0,2.0,0.0,AFC South,AFC,1,6,0,14.285714285714285
2017,Deshaun Watson,35,HOU,22,QB,7,6,3-3-0,126,204,61.8,1699,19,9.3,8,3.9,72,8.3,8.4,13.5,242.7,103.0,83.6,19,116,7.1,7.19,8.5,,,0,36.0,269.0,2.0,AFC South,AFC,3,3,0,50.0
2017,Jimmy Garoppolo,36,SFO,26,QB,6,5,5-0-0,120,178,67.4,1560,7,3.9,5,2.8,61,8.8,8.3,13.0,260.0,96.2,80.7,8,57,8.08,7.62,4.3,2.0,2.0,0,15.0,11.0,1.0,NFC West,NFC,5,0,0,100.0
2017,Brock Osweiler,37,DEN,27,QB,6,4,0-4-0,96,172,55.8,1088,5,2.9,5,2.9,54,6.3,5.6,11.3,181.3,72.5,50.3,10,64,5.63,4.94,5.5,,,0,14.0,64.0,1.0,AFC West,AFC,0,4,0,0.0
2017,Blaine Gabbert,38,ARI,28,QB,5,5,2-3-0,95,171,55.6,1086,6,3.5,6,3.5,52,6.4,5.5,11.4,217.2,71.9,30.6,23,149,4.83,4.06,11.9,2.0,2.0,0,23.0,82.0,0.0,NFC West,NFC,2,3,0,40.0
2017,Ryan Fitzpatrick,39,TAM,35,QB,6,3,2-1-0,96,163,58.9,1103,7,4.3,3,1.8,41,6.8,6.8,11.5,183.8,86.0,59.7,7,34,6.29,6.32,4.1,0.0,1.0,0,16.0,76.0,0.0,NFC South,NFC,2,1,0,66.66666666666666
2017,Drew Stanton,40,ARI,33,QB,5,4,3-1-0,79,159,49.7,894,6,3.8,5,3.1,52,5.6,5.0,11.3,178.8,66.4,36.7,7,40,5.14,4.51,4.2,1.0,1.0,0,9.0,7.0,0.0,NFC West,NFC,3,1,0,75.0
2017,Mike Glennon,41,CHI,28,QB,4,4,1-3-0,93,140,66.4,833,4,2.9,5,3.6,29,6.0,4.9,9.0,208.3,76.9,28.3,8,78,5.1,4.12,5.4,0.0,1.0,0,4.0,4.0,0.0,NFC North,NFC,1,3,0,25.0
2017,Matt Moore,42,MIA,33,QB,4,2,0-2-0,78,127,61.4,861,4,3.1,5,3.9,61,6.8,5.6,11.0,215.3,75.6,44.3,12,95,5.51,4.47,8.6,1.0,1.0,0,3.0,9.0,0.0,AFC East,AFC,0,2,0,0.0
2017,Bryce Petty,43,NYJ,26,QB,4,3,0-3-0,55,112,49.1,544,1,0.9,3,2.7,46,4.9,3.8,9.9,136.0,55.1,27.5,8,55,4.08,3.12,6.7,,,0,7.0,55.0,0.0,AFC East,AFC,0,3,0,0.0
2017,Nick Foles,44,PHI,28,QB,7,3,2-1-0,57,101,56.4,537,5,5.0,2,2.0,35,5.3,5.4,9.4,76.7,79.5,34.7,5,44,4.65,4.75,4.7,1.0,2.0,0,11.0,3.0,0.0,NFC East,NFC,2,1,0,66.66666666666666
2017,T.J. Yates,45,HOU,30,QB,4,3,0-3-0,47,97,48.5,523,4,4.1,3,3.1,40,5.4,4.8,11.1,130.8,65.8,33.6,13,75,4.07,3.57,11.8,,,0,5.0,51.0,0.0,AFC South,AFC,0,3,0,0.0
2017,Kevin Hogan,46,CLE,25,QB,4,1,0-1-0,46,75,61.3,517,4,5.3,5,6.7,49,6.9,5.0,11.2,129.3,71.9,42.3,6,35,5.95,4.16,7.4,,,0,10.0,71.0,0.0,AFC North,AFC,0,1,0,0.0
2017,Nathan Peterman,47,BUF,23,QB,4,2,1-1-0,24,49,49.0,252,2,4.1,5,10.2,21,5.1,1.4,10.5,63.0,38.4,13.8,1,5,4.94,1.24,2.0,,,0,7.0,23.0,0.0,AFC East,AFC,1,1,0,50.0
2017,Paxton Lynch,48,DEN,23,QB,2,2,0-2-0,30,45,66.7,295,2,4.4,3,6.7,30,6.6,4.4,9.8,147.5,72.0,33.1,9,51,4.52,2.76,16.7,,,0,5.0,30.0,0.0,AFC West,AFC,0,2,0,0.0
2017,Sam Bradford,49,MIN,30,QB,2,2,2-0-0,32,43,74.4,382,3,7.0,0,0.0,44,8.9,10.3,11.9,191.0,124.4,75.3,5,40,7.13,8.38,10.4,,,0,,,,NFC North,NFC,2,0,0,100.0
2017,EJ Manuel,51,OAK,27,QB,2,1,0-1-0,24,43,55.8,265,1,2.3,1,2.3,41,6.2,5.6,11.0,132.5,72.3,48.2,4,29,5.02,4.49,8.5,,,0,2.0,15.0,0.0,AFC West,AFC,0,1,0,0.0
2017,Matt Cassel,52,TEN,35,QB,2,1,0-1-0,25,42,59.5,162,1,2.4,2,4.8,17,3.9,2.2,6.5,81.0,55.9,14.5,8,30,2.64,1.24,16.0,,,0,,,,AFC South,AFC,0,1,0,0.0
2017,Sean Mannion,53,LAR,25,QB,5,1,0-1-0,22,37,59.5,185,0,0.0,0,0.0,50,5.0,5.0,8.4,37.0,72.5,21.2,3,20,4.13,4.13,7.5,,,0,,,,NFC West,NFC,0,1,0,0.0
2017,Geno Smith,54,NYG,27,QB,2,1,0-1-0,21,36,58.3,212,1,2.8,0,0.0,47,5.9,6.4,10.1,106.0,84.5,42.0,3,12,5.13,5.64,7.7,,,0,4.0,12.0,0.0,NFC East,NFC,0,1,0,0.0
2017,Patrick Mahomes,55,KAN,22,QB,1,1,1-0-0,22,35,62.9,284,0,0.0,1,2.9,51,8.1,6.8,12.9,284.0,76.4,61.8,2,15,7.27,6.05,5.4,0.0,1.0,0,7.0,10.0,0.0,AFC West,AFC,1,0,0,100.0
2017,Landry Jones,56,PIT,28,QB,3,1,1-0-0,23,28,82.1,239,1,3.6,1,3.6,46,8.5,7.6,10.4,79.7,99.3,70.3,3,15,7.23,6.42,9.7,,,0,,,,AFC North,AFC,1,0,0,100.0
2017,Scott Tolzien,59,IND,30,QB,1,1,0-1-0,9,18,50.0,128,0,0.0,2,11.1,32,7.1,2.1,14.2,128.0,33.8,7.3,4,29,4.5,0.41,18.2,,,0,2.0,2.0,0.0,AFC South,AFC,0,1,0,0.0
2018,Ben Roethlisberger,1,PIT,36,QB,16,16,9-6-1,452,675,67.0,5129,34,5.0,16,2.4,97,7.6,7.5,11.3,320.6,96.5,73.0,24,166,7.1,7.04,3.4,2.0,3.0,0,31.0,98.0,3.0,AFC North,AFC,9,6,1,56.25
2018,Andrew Luck,2,IND,29,QB,16,16,10-6-0,430,639,67.3,4593,39,6.1,15,2.3,68,7.2,7.4,10.7,287.1,98.7,71.5,18,134,6.79,6.95,2.7,3.0,3.0,0,46.0,148.0,0.0,AFC South,AFC,10,6,0,62.5
2018,Matt Ryan,3,ATL,33,QB,16,16,7-9-0,422,608,69.4,4924,35,5.8,7,1.2,75,8.1,8.7,11.7,307.8,108.1,70.6,42,296,7.12,7.71,6.5,1.0,1.0,0,33.0,125.0,3.0,NFC South,NFC,7,9,0,43.75
2018,Kirk Cousins,4,MIN,30,QB,16,16,8-7-1,425,606,70.1,4298,30,5.0,10,1.7,75,7.1,7.3,10.1,268.6,99.7,60.6,40,262,6.25,6.48,6.2,1.0,0.0,0,44.0,123.0,1.0,NFC North,NFC,8,7,1,50.0
2018,Aaron Rodgers,5,GNB,35,QB,16,16,6-9-1,372,597,62.3,4442,25,4.2,2,0.3,75,7.4,8.1,11.9,277.6,97.6,56.8,49,353,6.33,6.96,7.6,3.0,3.0,1,43.0,269.0,2.0,NFC North,NFC,6,9,1,37.5
2018,Case Keenum,6,DEN,30,QB,16,16,6-10-0,365,586,62.3,3890,18,3.1,15,2.6,64,6.6,6.1,10.7,243.1,81.2,47.9,34,235,5.9,5.39,5.5,3.0,4.0,0,26.0,93.0,2.0,AFC West,AFC,6,10,0,37.5
2018,Patrick Mahomes,7,KAN,23,QB,16,16,12-4-0,383,580,66.0,5097,50,8.6,12,2.1,89,8.8,9.6,13.3,318.6,113.8,82.0,26,171,8.13,8.89,4.3,2.0,2.0,1,60.0,272.0,2.0,AFC West,AFC,12,4,0,75.0
2018,Eli Manning,8,NYG,37,QB,16,16,5-11-0,380,576,66.0,4299,21,3.6,11,1.9,58,7.5,7.3,11.3,268.7,92.4,51.2,47,358,6.33,6.21,7.5,1.0,2.0,0,15.0,20.0,1.0,NFC East,NFC,5,11,0,31.25
2018,Tom Brady,9,NWE,41,QB,16,16,11-5-0,375,570,65.8,4355,29,5.1,11,1.9,63,7.6,7.8,11.6,272.2,97.7,68.8,21,147,7.12,7.26,3.6,1.0,2.0,1,23.0,35.0,2.0,AFC East,AFC,11,5,0,68.75
2018,Jared Goff,10,LAR,24,QB,16,16,13-3-0,364,561,64.9,4688,32,5.7,12,2.1,70,8.4,8.5,12.9,293.0,101.1,65.4,33,223,7.52,7.69,5.6,4.0,4.0,1,43.0,108.0,2.0,NFC West,NFC,13,3,0,81.25
2018,Matthew Stafford,11,DET,30,QB,16,16,6-10-0,367,555,66.1,3777,21,3.8,11,2.0,67,6.8,6.7,10.3,236.1,89.9,50.9,40,255,5.92,5.79,6.7,0.0,1.0,0,25.0,71.0,0.0,NFC North,NFC,6,10,0,37.5
2018,Derek Carr,12,OAK,27,QB,16,16,4-12-0,381,553,68.9,4049,19,3.4,10,1.8,66,7.3,7.2,10.6,253.1,93.9,49.3,51,299,6.21,6.09,8.4,3.0,3.0,0,24.0,47.0,1.0,AFC West,AFC,4,12,0,25.0
2018,Dak Prescott,13,DAL,25,QB,16,16,10-6-0,356,526,67.7,3885,22,4.2,8,1.5,90,7.4,7.5,10.9,242.8,96.9,58.6,56,347,6.08,6.22,9.6,3.0,5.0,0,75.0,305.0,6.0,NFC East,NFC,10,6,0,62.5
2018,Philip Rivers,14,LAC,37,QB,16,16,12-4-0,347,508,68.3,4308,32,6.3,12,2.4,75,8.5,8.7,12.4,269.3,105.5,71.2,32,204,7.6,7.79,5.9,3.0,3.0,1,18.0,7.0,0.0,AFC West,AFC,12,4,0,75.0
2018,Deshaun Watson,15,HOU,23,QB,16,16,11-5-0,345,505,68.3,4165,26,5.1,9,1.8,73,8.2,8.5,12.1,260.3,103.1,63.0,62,384,6.67,6.87,10.9,5.0,5.0,0,99.0,551.0,5.0,AFC South,AFC,11,5,0,68.75
2018,Drew Brees,16,NOR,39,QB,15,15,13-2-0,364,489,74.4,3992,32,6.5,5,1.0,72,8.2,9.0,11.0,266.1,115.7,81.9,17,121,7.65,8.47,3.4,6.0,7.0,1,31.0,22.0,4.0,NFC South,NFC,13,2,0,86.66666666666667
2018,Baker Mayfield,17,CLE,23,QB,14,13,6-7-0,310,486,63.8,3725,27,5.6,14,2.9,71,7.7,7.5,12.0,266.1,93.7,55.7,25,173,6.95,6.77,4.9,3.0,4.0,0,39.0,131.0,0.0,AFC North,AFC,6,7,0,46.15384615384615
2018,Cam Newton,18,CAR,29,QB,14,14,6-8-0,320,471,67.9,3395,24,5.1,13,2.8,82,7.2,7.0,10.6,242.5,94.2,57.4,29,213,6.36,6.15,5.8,2.0,2.0,0,101.0,488.0,4.0,NFC South,NFC,6,8,0,42.857142857142854
2018,Mitchell Trubisky,19,CHI,24,QB,14,14,11-3-0,289,434,66.6,3223,24,5.5,12,2.8,70,7.4,7.3,11.2,230.2,95.4,72.8,24,143,6.72,6.59,5.2,1.0,2.0,0,68.0,421.0,3.0,NFC North,NFC,11,3,0,78.57142857142857
2018,Russell Wilson,20,SEA,30,QB,16,16,10-6-0,280,427,65.6,3448,35,8.2,7,1.6,66,8.1,9.0,12.3,215.5,110.9,65.1,51,355,6.47,7.28,10.7,2.0,4.0,1,67.0,376.0,0.0,NFC West,NFC,10,6,0,62.5
2018,Sam Darnold,21,NYJ,21,QB,13,13,4-9-0,239,414,57.7,2865,17,4.1,15,3.6,76,6.9,6.1,12.0,220.4,77.6,47.9,30,204,5.99,5.24,6.8,1.0,1.0,0,44.0,138.0,1.0,AFC East,AFC,4,9,0,30.76923076923077
2018,Blake Bortles,22,JAX,26,QB,13,12,3-9-0,243,403,60.3,2718,13,3.2,11,2.7,80,6.7,6.2,11.2,209.1,79.8,44.1,31,173,5.86,5.32,7.1,0.0,1.0,0,58.0,365.0,1.0,AFC South,AFC,3,9,0,25.0
2018,Carson Wentz,23,PHI,26,QB,11,11,5-6-0,279,401,69.6,3074,21,5.2,7,1.7,58,7.7,7.9,11.0,279.5,102.2,64.9,31,202,6.65,6.89,7.2,2.0,2.0,0,34.0,93.0,0.0,NFC East,NFC,5,6,0,45.45454545454545
2018,Josh Rosen,24,ARI,21,QB,14,13,3-10-0,217,393,55.2,2278,11,2.8,14,3.6,75,5.8,4.8,10.5,162.7,66.7,26.6,45,320,4.47,3.53,10.3,1.0,2.0,0,23.0,138.0,0.0,NFC West,NFC,3,10,0,23.076923076923077
2018,Joe Flacco,25,BAL,33,QB,9,9,4-5-0,232,379,61.2,2465,12,3.2,6,1.6,71,6.5,6.4,10.6,273.9,84.2,58.7,16,79,6.04,5.96,4.1,,,0,19.0,45.0,0.0,AFC North,AFC,4,5,0,44.44444444444444
2018,Jameis Winston,26,TAM,24,QB,11,9,3-6-0,244,378,64.6,2992,19,5.0,14,3.7,64,7.9,7.3,12.3,272.0,90.2,71.8,27,157,7.0,6.38,6.7,0.0,1.0,0,49.0,281.0,1.0,NFC South,NFC,3,6,0,33.33333333333333
2018,Marcus Mariota,28,TEN,25,QB,14,13,7-6-0,228,331,68.9,2528,11,3.3,8,2.4,61,7.6,7.2,11.1,180.6,92.3,53.1,42,243,6.13,5.75,11.3,2.0,3.0,0,64.0,357.0,2.0,AFC South,AFC,7,6,0,53.84615384615385
2018,Alex Smith,29,WAS,34,QB,10,10,6-4-0,205,328,62.5,2180,10,3.0,5,1.5,52,6.6,6.6,10.6,218.0,85.7,53.8,22,121,5.88,5.81,6.3,,,0,41.0,168.0,1.0,NFC East,NFC,6,4,0,60.0
2018,Josh Allen,30,BUF,22,QB,12,11,5-6-0,169,320,52.8,2074,10,3.1,12,3.8,75,6.5,5.4,12.3,172.8,67.9,52.3,28,213,5.35,4.37,8.0,2.0,3.0,0,89.0,631.0,8.0,AFC East,AFC,5,6,0,45.45454545454545
2018,Nick Mullens,31,SFO,23,QB,8,8,3-5-0,176,274,64.2,2277,13,4.7,10,3.6,85,8.3,7.6,12.9,284.6,90.8,56.2,17,127,7.39,6.74,5.8,0.0,1.0,0,,,,NFC West,NFC,3,5,0,37.5
2018,Ryan Tannehill,32,MIA,30,QB,11,11,5-6-0,176,274,64.2,1979,17,6.2,9,3.3,75,7.2,7.0,11.2,179.9,92.7,33.1,35,279,5.5,5.29,11.3,3.0,3.0,0,32.0,145.0,0.0,AFC East,AFC,5,6,0,45.45454545454545
2018,Ryan Fitzpatrick,33,TAM,36,QB,8,7,2-5-0,164,246,66.7,2366,17,6.9,12,4.9,75,9.6,8.8,14.4,295.8,100.4,64.4,14,76,8.81,8.04,5.4,,,0,36.0,152.0,2.0,NFC South,NFC,2,5,0,28.57142857142857
2018,Nick Foles,34,PHI,29,QB,5,5,4-1-0,141,195,72.3,1413,7,3.6,4,2.1,83,7.2,7.0,10.0,282.6,96.0,69.5,9,47,6.7,6.5,4.4,2.0,2.0,0,9.0,17.0,0.0,NFC East,NFC,4,1,0,80.0
2018,Brock Osweiler,35,MIA,28,QB,7,5,2-3-0,113,178,63.5,1247,6,3.4,4,2.2,75,7.0,6.7,11.0,178.1,86.0,34.5,17,130,5.73,5.42,8.7,1.0,1.0,0,8.0,21.0,0.0,AFC East,AFC,2,3,0,40.0
2018,Jeff Driskel,36,CIN,25,QB,9,5,1-4-0,105,176,59.7,1003,6,3.4,2,1.1,37,5.7,5.9,9.6,111.4,82.2,33.3,16,122,4.59,4.74,8.3,,,0,25.0,130.0,2.0,AFC North,AFC,1,4,0,20.0
2018,Lamar Jackson,37,BAL,21,QB,16,7,6-1-0,99,170,58.2,1201,6,3.5,3,1.8,74,7.1,7.0,12.1,75.1,84.5,48.7,16,71,6.08,5.99,8.6,0.0,1.0,0,147.0,695.0,5.0,AFC North,AFC,6,1,0,85.71428571428571
2018,C.J. Beathard,38,SFO,25,QB,6,5,0-5-0,102,169,60.4,1252,8,4.7,7,4.1,82,7.4,6.5,12.3,208.7,81.8,39.7,18,156,5.86,5.03,9.6,,,0,19.0,69.0,1.0,NFC West,NFC,0,5,0,0.0
2018,Cody Kessler,39,JAX,25,QB,5,4,2-2-0,85,131,64.9,709,2,1.5,2,1.5,35,5.4,5.0,8.3,141.8,77.4,28.3,22,149,3.66,3.33,14.4,,,0,19.0,123.0,0.0,AFC South,AFC,2,2,0,50.0
2018,Josh McCown,40,NYJ,39,QB,4,3,0-3-0,60,110,54.5,539,1,0.9,4,3.6,41,4.9,3.4,9.0,134.8,55.8,31.4,7,35,4.31,2.94,6.0,,,0,5.0,32.0,0.0,AFC East,AFC,0,3,0,0.0
2018,Blaine Gabbert,41,TEN,29,QB,8,3,2-1-0,61,101,60.4,626,4,4.0,4,4.0,35,6.2,5.2,10.3,78.3,74.9,31.2,5,37,5.56,4.61,4.7,2.0,2.0,0,,,,AFC South,AFC,2,1,0,66.66666666666666
2018,Josh Johnson,42,WAS,32,QB,4,3,1-2-0,52,91,57.1,590,3,3.3,4,4.4,79,6.5,5.2,11.3,147.5,69.4,45.7,9,67,5.23,4.03,9.0,1.0,1.0,0,23.0,120.0,1.0,NFC East,NFC,1,2,0,33.33333333333333
2018,Jimmy Garoppolo,43,SFO,27,QB,3,3,1-2-0,53,89,59.6,718,5,5.6,3,3.4,56,8.1,7.7,13.5,239.3,90.0,26.9,13,97,6.09,5.75,12.7,,,0,8.0,33.0,0.0,NFC West,NFC,1,2,0,33.33333333333333
2018,Tyrod Taylor,44,CLE,29,QB,4,3,1-1-1,42,85,49.4,473,2,2.4,2,2.4,47,5.6,5.0,11.3,118.3,64.5,33.1,13,81,4.0,3.49,13.3,1.0,0.0,0,16.0,125.0,1.0,AFC North,AFC,1,1,1,33.33333333333333
2018,Nathan Peterman,45,BUF,24,QB,4,2,0-2-0,44,81,54.3,296,1,1.2,7,8.6,26,3.7,0.0,6.7,74.0,30.7,6.5,7,34,2.98,-0.38,8.0,,,0,10.0,50.0,1.0,AFC East,AFC,0,2,0,0.0
2018,Sam Bradford,46,ARI,31,QB,3,3,0-3-0,50,80,62.5,400,2,2.5,4,5.0,35,5.0,3.3,8.0,133.3,62.5,25.8,6,33,4.27,2.64,7.0,,,0,2.0,7.0,0.0,NFC West,NFC,0,3,0,0.0
2018,Chase Daniel,47,CHI,32,QB,5,2,1-1-0,53,76,69.7,515,3,3.9,2,2.6,46,6.8,6.4,9.7,103.0,90.6,28.9,9,40,5.59,5.24,10.6,1.0,0.0,0,13.0,3.0,0.0,NFC North,NFC,1,1,0,50.0
2018,Derek Anderson,48,BUF,35,QB,2,2,0-1-0,42,70,60.0,465,0,0.0,4,5.7,40,6.6,4.1,11.1,232.5,56.0,27.0,5,33,5.76,3.36,6.7,,,0,,,,AFC East,AFC,0,1,0,0.0
2018,Taylor Heinicke,49,CAR,25,QB,6,1,0-1-0,35,57,61.4,320,1,1.8,3,5.3,33,5.6,3.6,9.1,53.3,60.6,26.4,2,17,5.14,3.19,3.4,,,0,5.0,31.0,0.0,NFC South,NFC,0,1,0,0.0
2018,Colt McCoy,50,WAS,32,QB,3,2,0-2-0,34,54,63.0,372,3,5.6,3,5.6,53,6.9,5.5,10.9,124.0,78.6,38.2,6,36,5.6,4.35,10.0,,,0,10.0,63.0,0.0,NFC East,NFC,0,2,0,0.0
2018,Mark Sanchez,52,WAS,32,QB,2,1,0-1-0,19,35,54.3,138,0,0.0,3,8.6,20,3.9,0.1,7.3,69.0,28.0,4.9,7,42,2.29,-0.93,16.7,,,0,1.0,8.0,0.0,NFC East,NFC,0,1,0,0.0
2018,Kyle Allen,53,CAR,22,QB,2,1,1-0-0,20,31,64.5,266,2,6.5,0,0.0,53,8.6,9.9,13.3,133.0,113.1,96.7,0,0,8.58,9.87,0.0,,,0,5.0,19.0,1.0,NFC South,NFC,1,0,0,100.0
2018,Matt Barkley,54,BUF,28,QB,1,1,1-0-0,15,25,60.0,232,2,8.0,0,0.0,47,9.3,10.9,15.5,232.0,117.4,84.7,1,8,8.62,10.15,3.8,,,0,,,,AFC East,AFC,1,0,0,100.0
2018,Teddy Bridgewater,55,NOR,26,QB,5,1,0-1-0,14,23,60.9,118,1,4.3,1,4.3,18,5.1,4.0,8.4,23.6,70.6,42.2,2,8,4.4,3.4,8.0,,,0,11.0,5.0,0.0,NFC South,NFC,0,1,0,0.0
